"time","placeholder","Susceptible","Infected-infectious","Recovered"
0,,490,10,0
1,,490,10,0
2,,490,10,0
3,,486,14,0
4,,486,14,0
5,,481,19,0
6,,481,19,0
7,,475,25,0
8,,467,33,0
9,,447,53,0
10,,447,53,0
11,,447,43,10
12,,447,43,10
13,,447,39,14
14,,447,39,14
15,,447,34,19
16,,447,34,19
17,,428,47,25
18,,438,39,23
19,,430,27,43
20,,419,42,39
21,,419,42,39
22,,404,62,34
23,,404,62,34
24,,390,82,28
25,,398,82,20
26,,388,112,0
27,,358,123,19
28,,358,123,19
29,,358,115,27
30,,358,100,42
31,,331,127,42
32,,331,107,62
33,,331,107,62
34,,350,87,63
35,,330,107,63
36,,308,107,85
37,,287,113,100
38,,287,113,100
39,,307,113,80
40,,307,113,80
41,,285,128,87
42,,285,128,87
43,,315,128,57
44,,345,128,27
45,,345,108,47
46,,312,111,77
47,,312,75,113
48,,315,99,86
49,,295,119,86
50,,295,119,86
51,,295,77,128
52,,289,103,108
53,,319,103,78
54,,331,127,42
55,,293,165,42
56,,293,132,75
57,,259,166,75
58,,301,142,57
59,,275,148,77
60,,275,148,77
61,,275,148,77
62,,243,154,103
63,,247,183,70
64,,247,159,94
65,,271,121,108
66,,291,121,88
67,,254,124,122
68,,254,124,122
69,,263,115,122
70,,263,115,122
71,,287,115,98
72,,325,83,92
73,,325,54,121
74,,359,54,87
75,,359,54,87
76,,369,70,61
77,,369,33,98
78,,359,43,98
79,,391,26,83
80,,420,26,54
81,,420,26,54
82,,412,34,54
83,,412,34,54
84,,449,34,17
85,,449,34,17
86,,466,18,16
87,,460,24,16
88,,449,25,26
89,,449,25,26
90,,449,25,26
91,,436,38,26
92,,425,41,34
93,,424,58,18
94,,403,79,18
95,,392,100,8
96,,392,100,8
97,,348,138,14
98,,319,156,25
99,,327,156,17
100,,327,156,17
101,,327,143,30
102,,327,132,41
103,,327,115,58
104,,305,122,73
105,,316,101,83
106,,316,101,83
107,,289,84,127
108,,302,55,143
109,,313,55,132
110,,330,55,115
111,,333,73,94
112,,332,95,73
113,,332,95,73
114,,343,100,57
115,,345,127,28
116,,345,127,28
117,,345,100,55
118,,307,138,55
119,,271,174,55
120,,225,220,55
121,,253,202,45
122,,253,180,67
123,,253,180,67
124,,239,188,73
125,,239,161,100
126,,239,161,100
127,,204,196,100
128,,222,158,120
129,,244,122,134
130,,244,76,180
131,,263,90,147
132,,290,90,120
133,,262,118,120
134,,262,77,161
135,,300,77,123
136,,318,95,87
137,,333,91,76
138,,333,91,76
139,,299,125,76
140,,299,125,76
141,,310,141,49
142,,272,179,49
143,,232,191,77
144,,267,191,42
145,,226,232,42
146,,226,214,60
147,,174,235,91
148,,160,263,77
149,,160,229,111
150,,162,255,83
151,,162,225,113
152,,162,187,151
153,,158,169,173
154,,189,169,142
155,,161,156,183
156,,172,179,149
157,,172,127,201
158,,179,122,199
159,,206,133,161
160,,227,126,147
161,,215,138,147
162,,256,138,106
163,,229,143,128
164,,254,170,76
165,,248,176,76
166,,210,191,99
167,,236,191,73
168,,200,204,96
169,,200,193,107
170,,191,205,104
171,,167,217,116
172,,195,217,88
173,,185,223,92
174,,153,228,119
175,,176,194,130
176,,160,183,157
177,,179,183,138
178,,191,147,162
179,,163,175,162
180,,190,144,166
181,,191,146,163
182,,205,166,129
183,,243,133,124
184,,219,125,156
185,,255,125,120
186,,255,98,147
187,,259,125,116
188,,283,125,92
189,,283,97,120
190,,296,117,87
191,,302,117,81
192,,302,97,101
193,,329,97,74
194,,303,99,98
195,,286,116,98
196,,285,145,70
197,,285,118,97
198,,278,151,71
199,,298,151,51
200,,298,131,71
201,,322,105,73
202,,299,128,73
203,,299,128,73
204,,295,133,72
205,,295,116,89
206,,258,124,118
207,,278,124,98
208,,304,91,105
209,,304,91,105
210,,277,118,105
211,,281,140,79
212,,298,117,85
213,,327,117,56
214,,327,86,87
215,,331,115,54
216,,331,78,91
217,,297,112,91
218,,274,135,91
219,,297,135,68
220,,258,147,95
221,,256,158,86
222,,212,202,86
223,,249,202,49
224,,249,202,49
225,,216,206,78
226,,216,206,78
227,,243,172,85
228,,224,190,86
229,,224,190,86
230,,224,151,125
231,,205,137,158
232,,234,93,173
233,,221,106,173
234,,233,128,139
235,,256,95,149
236,,256,95,149
237,,295,95,110
238,,328,54,118
239,,355,71,74
240,,336,90,74
241,,314,93,93
242,,347,93,60
243,,318,109,73
244,,287,118,95
245,,328,118,54
246,,328,118,54
247,,328,118,54
248,,347,118,35
249,,312,136,52
250,,286,156,58
251,,270,172,58
252,,270,172,58
253,,270,143,87
254,,270,112,118
255,,247,135,118
256,,264,135,101
257,,283,135,82
258,,264,176,60
259,,228,177,95
260,,229,166,105
261,,230,158,112
262,,230,158,112
263,,230,158,112
264,,209,179,112
265,,209,156,135
266,,244,156,100
267,,241,198,61
268,,229,207,64
269,,229,171,100
270,,229,143,128
271,,199,143,158
272,,203,162,135
273,,178,187,135
274,,178,166,156
275,,195,190,115
276,,206,215,79
277,,234,173,93
278,,234,153,113
279,,192,195,113
280,,192,195,113
281,,213,165,122
282,,213,146,141
283,,213,121,166
284,,255,121,124
285,,305,97,98
286,,273,104,123
287,,244,133,123
288,,274,103,123
289,,293,61,146
290,,298,81,121
291,,298,81,121
292,,297,106,97
293,,322,106,72
294,,304,124,72
295,,307,151,42
296,,309,159,32
297,,258,181,61
298,,258,181,61
299,,218,221,61
300,,218,201,81
301,,185,234,81
302,,185,209,106
303,,217,209,74
304,,246,191,63
305,,204,206,90
306,,204,166,130
307,,200,139,161
308,,176,163,161
309,,201,123,176
310,,201,123,176
311,,219,90,191
312,,246,90,164
313,,265,111,124
314,,316,111,73
315,,316,69,115
316,,341,84,75
317,,318,83,99
318,,351,59,90
319,,351,59,90
320,,328,82,90
321,,303,107,90
322,,322,130,48
323,,288,143,69
324,,285,170,45
325,,278,201,21
326,,278,186,36
327,,233,208,59
328,,233,208,59
329,,198,243,59
330,,219,220,61
331,,185,229,86
332,,185,206,109
333,,200,172,128
334,,223,145,132
335,,223,114,163
336,,206,131,163
337,,229,86,185
338,,243,97,160
339,,248,80,172
340,,282,80,138
341,,309,46,145
342,,340,46,114
343,,340,46,114
344,,385,46,69
345,,368,63,69
346,,381,68,51
347,,358,91,51
348,,392,80,28
349,,366,88,46
350,,333,121,46
351,,299,155,46
352,,299,155,46
353,,316,155,29
354,,276,195,29
355,,287,178,35
356,,305,156,39
357,,258,180,62
358,,258,180,62
359,,225,187,88
360,,225,154,121
361,,225,120,155
362,,216,146,138
363,,238,146,116
364,,222,145,133
365,,222,145,133
366,,223,170,107
367,,256,123,121
368,,290,123,87
369,,249,131,120
370,,219,161,120
371,,259,161,80
372,,227,167,106
373,,227,167,106
374,,274,128,98
375,,274,128,98
376,,307,103,90
377,,307,103,90
378,,272,138,90
379,,298,97,105
380,,298,67,135
381,,337,67,96
382,,314,58,128
383,,339,58,103
384,,339,58,103
385,,316,81,103
386,,357,81,62
387,,387,81,32
388,,360,73,67
389,,367,98,35
390,,367,98,35
391,,340,125,35
392,,340,102,58
393,,340,102,58
394,,315,127,58
395,,350,104,46
396,,350,104,46
397,,320,134,46
398,,320,107,73
399,,343,82,75
400,,343,82,75
401,,320,78,102
402,,316,105,79
403,,316,105,79
404,,284,112,104
405,,283,140,77
406,,270,178,52
407,,215,203,82
408,,242,203,55
409,,242,203,55
410,,242,203,55
411,,233,214,53
412,,191,229,80
413,,153,267,80
414,,183,235,82
415,,153,237,110
416,,118,234,148
417,,93,204,203
418,,103,217,180
419,,112,235,153
420,,90,257,153
421,,122,223,155
422,,126,205,169
423,,164,167,169
424,,198,188,114
425,,165,191,144
426,,165,156,179
427,,145,151,204
428,,167,150,183
429,,189,152,159
430,,227,130,143
431,,202,155,143
432,,204,159,137
433,,239,159,102
434,,238,164,98
435,,251,131,118
436,,269,131,100
437,,255,147,98
438,,231,159,110
439,,255,139,106
440,,255,139,106
441,,247,143,110
442,,250,145,105
443,,218,177,105
444,,238,151,111
445,,250,151,99
446,,270,151,79
447,,270,115,115
448,,295,91,114
449,,295,119,86
450,,295,119,86
451,,300,111,89
452,,267,114,119
453,,250,99,151
454,,286,99,115
455,,310,99,91
456,,310,99,91
457,,286,123,91
458,,286,152,62
459,,273,167,60
460,,257,215,28
461,,211,240,49
462,,162,256,82
463,,162,239,99
464,,162,239,99
465,,140,261,99
466,,168,261,71
467,,131,274,95
468,,133,264,103
469,,166,221,113
470,,183,173,144
471,,153,157,190
472,,131,130,239
473,,119,142,239
474,,143,142,215
475,,172,120,208
476,,194,141,165
477,,242,104,154
478,,265,108,127
479,,284,138,78
480,,284,138,78
481,,250,142,108
482,,236,156,108
483,,212,168,120
484,,228,189,83
485,,247,189,64
486,,247,168,85
487,,247,168,85
488,,241,181,78
489,,263,151,86
490,,275,151,74
491,,244,148,108
492,,215,141,144
493,,213,140,147
494,,200,132,168
495,,223,132,145
496,,229,156,115
497,,229,156,115
498,,229,154,117
499,,240,179,81
500,,222,221,57
501,,189,244,67
502,,148,256,96
503,,148,233,119
504,,148,220,132
505,,145,259,96
506,,112,268,120
507,,112,268,120
508,,143,234,123
509,,146,235,119
510,,138,224,138
511,,151,170,179
512,,151,129,220
513,,163,141,196
514,,163,141,196
515,,197,102,201
516,,208,83,209
517,,250,83,167
518,,304,83,113
519,,345,57,98
520,,345,26,129
521,,345,26,129
522,,384,26,90
523,,404,27,69
524,,404,27,69
525,,404,27,69
526,,427,16,57
527,,458,16,26
528,,458,16,26
529,,452,22,26
530,,457,29,14
531,,457,29,14
532,,445,41,14
533,,444,43,13
534,,431,56,13
535,,431,56,13
536,,431,53,16
537,,412,72,16
538,,412,72,16
539,,385,93,22
540,,367,117,16
541,,333,151,16
542,,288,184,28
543,,250,210,40
544,,250,197,53
545,,210,237,53
546,,216,237,47
547,,182,259,59
548,,182,259,59
549,,194,232,74
550,,178,232,90
551,,191,198,111
552,,166,178,156
553,,139,164,197
554,,147,175,178
555,,147,135,218
556,,153,156,191
557,,158,141,201
558,,192,141,167
559,,237,141,122
560,,278,110,112
561,,245,143,112
562,,285,118,97
563,,255,121,124
564,,296,110,94
565,,271,135,94
566,,271,114,115
567,,271,119,110
568,,271,119,110
569,,296,119,85
570,,323,119,58
571,,298,122,80
572,,267,153,80
573,,288,123,89
574,,314,123,63
575,,281,131,88
576,,258,154,88
577,,228,153,119
578,,261,153,86
579,,235,179,86
580,,236,208,56
581,,236,172,92
582,,224,178,98
583,,203,199,98
584,,234,199,67
585,,204,196,100
586,,204,173,123
587,,204,143,153
588,,240,143,117
589,,271,117,112
590,,271,88,141
591,,251,108,141
592,,284,71,145
593,,307,50,143
594,,337,50,113
595,,323,34,143
596,,346,37,117
597,,360,52,88
598,,360,52,88
599,,385,64,51
600,,406,64,30
601,,384,66,50
602,,414,66,20
603,,375,105,20
604,,375,105,20
605,,375,91,34
606,,375,88,37
607,,344,104,52
608,,334,134,32
609,,334,122,44
610,,334,122,44
611,,301,133,66
612,,315,133,52
613,,318,94,88
614,,305,122,73
615,,305,122,73
616,,278,161,61
617,,278,130,92
618,,300,100,100
619,,300,100,100
620,,339,100,61
621,,339,67,94
622,,339,67,94
623,,317,89,94
624,,329,80,91
625,,321,118,61
626,,300,100,100
627,,300,100,100
628,,302,131,67
629,,266,167,67
630,,226,207,67
631,,254,207,39
632,,210,251,39
633,,201,277,22
634,,201,258,41
635,,148,273,79
636,,148,252,100
637,,148,252,100
638,,122,247,131
639,,122,211,167
640,,144,171,185
641,,163,171,166
642,,181,147,172
643,,187,114,199
644,,169,132,199
645,,200,79,221
646,,236,79,185
647,,276,79,145
648,,276,53,171
649,,320,53,127
650,,368,53,79
651,,368,53,79
652,,421,33,46
653,,408,31,61
654,,408,13,79
655,,433,14,53
656,,433,14,53
657,,433,14,53
658,,424,23,53
659,,435,32,33
660,,450,32,18
661,,455,45,0
662,,455,45,0
663,,455,32,13
664,,455,32,13
665,,443,43,14
666,,443,43,14
667,,443,43,14
668,,429,48,23
669,,411,57,32
670,,424,57,19
671,,424,44,32
672,,425,44,31
673,,425,44,31
674,,405,64,31
675,,414,52,34
676,,423,52,25
677,,423,52,25
678,,414,60,26
679,,389,67,44
680,,389,67,44
681,,389,67,44
682,,380,88,32
683,,380,88,32
684,,380,68,52
685,,394,68,38
686,,412,68,20
687,,412,68,20
688,,412,46,42
689,,390,43,67
690,,390,43,67
691,,396,57,47
692,,376,56,68
693,,348,84,68
694,,323,109,68
695,,345,109,46
696,,370,109,21
697,,333,146,21
698,,295,184,21
699,,276,202,22
700,,218,260,22
701,,169,295,36
702,,129,315,56
703,,129,287,84
704,,99,292,109
705,,99,292,109
706,,94,319,87
707,,94,282,124
708,,87,265,148
709,,107,225,168
710,,135,167,198
711,,140,138,222
712,,140,98,262
713,,127,111,262
714,,164,81,255
715,,191,92,217
716,,231,65,204
717,,270,84,146
718,,319,63,118
719,,359,63,78
720,,359,63,78
721,,389,43,68
722,,389,43,68
723,,407,39,54
724,,397,49,54
725,,418,38,44
726,,399,57,44
727,,399,38,63
728,,411,46,43
729,,396,61,43
730,,409,61,30
731,,385,85,30
732,,369,112,19
733,,327,145,28
734,,306,175,19
735,,249,232,19
736,,249,213,38
737,,249,213,38
738,,249,205,46
739,,197,242,61
740,,206,242,52
741,,182,252,66
742,,148,259,93
743,,167,217,116
744,,136,208,156
745,,123,172,205
746,,138,172,190
747,,138,172,190
748,,162,172,166
749,,169,140,191
750,,187,164,149
751,,227,130,143
752,,284,96,120
753,,263,117,120
754,,236,113,151
755,,236,92,172
756,,288,92,120
757,,268,112,120
758,,302,112,86
759,,336,92,72
760,,301,103,96
761,,332,103,65
762,,325,131,44
763,,325,110,65
764,,289,119,92
765,,259,149,92
766,,279,149,72
767,,303,129,68
768,,262,170,68
769,,227,205,68
770,,248,170,82
771,,275,170,55
772,,275,142,83
773,,249,168,83
774,,229,172,99
775,,192,179,129
776,,192,179,129
777,,227,179,94
778,,189,176,135
779,,191,167,142
780,,159,199,142
781,,195,199,106
782,,193,231,76
783,,193,205,102
784,,147,211,142
785,,188,174,138
786,,223,174,103
787,,223,174,103
788,,204,155,141
789,,204,129,167
790,,230,97,173
791,,252,115,133
792,,289,83,128
793,,262,110,128
794,,262,64,174
795,,300,64,136
796,,326,64,110
797,,341,81,78
798,,315,88,97
799,,347,88,65
800,,347,88,65
801,,363,100,37
802,,363,100,37
803,,363,73,64
804,,363,73,64
805,,382,73,45
806,,348,107,45
807,,348,90,62
808,,342,88,70
809,,317,113,70
810,,344,113,43
811,,344,83,73
812,,322,105,73
813,,305,122,73
814,,290,154,56
815,,268,202,30
816,,268,168,64
817,,238,198,64
818,,231,211,58
819,,231,186,83
820,,198,219,83
821,,168,249,83
822,,168,227,105
823,,202,210,88
824,,202,178,120
825,,226,130,144
826,,251,130,119
827,,251,100,149
828,,226,88,186
829,,226,110,164
830,,243,77,180
831,,260,62,178
832,,293,77,130
833,,272,98,130
834,,281,119,100
835,,318,119,63
836,,318,119,63
837,,351,119,30
838,,381,94,25
839,,381,72,47
840,,356,97,47
841,,328,110,62
842,,309,114,77
843,,275,127,98
844,,252,129,119
845,,277,129,94
846,,299,129,72
847,,299,129,72
848,,314,129,57
849,,297,161,42
850,,281,173,46
851,,302,145,53
852,,302,126,72
853,,302,92,106
854,,302,69,129
855,,302,69,129
856,,279,92,129
857,,304,92,104
858,,332,92,76
859,,324,87,89
860,,340,68,92
861,,338,93,69
862,,308,123,69
863,,263,168,69
864,,263,168,69
865,,263,168,69
866,,265,175,60
867,,265,212,23
868,,231,246,23
869,,231,219,50
870,,191,241,68
871,,191,216,93
872,,191,186,123
873,,214,141,145
874,,214,141,145
875,,214,141,145
876,,204,148,148
877,,222,111,167
878,,227,97,176
879,,257,97,146
880,,288,71,141
881,,288,71,141
882,,272,87,141
883,,302,87,111
884,,320,106,74
885,,320,140,40
886,,320,103,77
887,,360,103,37
888,,360,83,57
889,,360,83,57
890,,360,69,71
891,,345,84,71
892,,317,96,87
893,,326,124,50
894,,289,142,69
895,,279,138,83
896,,236,181,83
897,,219,212,69
898,,219,212,69
899,,235,212,53
900,,235,212,53
901,,254,197,49
902,,258,199,43
903,,258,171,71
904,,258,134,108
905,,258,104,138
906,,258,61,181
907,,248,40,212
908,,263,40,197
909,,283,48,169
910,,293,66,141
911,,317,79,104
912,,331,65,104
913,,374,65,61
914,,382,88,30
915,,352,118,30
916,,313,157,30
917,,313,147,40
918,,313,147,40
919,,343,139,18
920,,299,165,36
921,,299,152,49
922,,262,173,65
923,,262,173,65
924,,272,150,78
925,,272,120,108
926,,280,81,139
927,,298,81,121
928,,295,97,108
929,,287,121,92
930,,245,119,136
931,,268,119,113
932,,267,113,120
933,,306,113,81
934,,306,113,81
935,,306,113,81
936,,306,113,81
937,,327,136,37
938,,327,120,53
939,,364,96,40
940,,339,79,82
941,,339,79,82
942,,315,72,113
943,,315,72,113
944,,315,72,113
945,,318,85,97
946,,319,108,73
947,,330,116,54
948,,330,116,54
949,,330,147,23
950,,330,122,48
951,,302,150,48
952,,302,126,72
953,,264,164,72
954,,249,202,49
955,,206,232,62
956,,206,209,85
957,,231,178,91
958,,231,178,91
959,,217,185,98
960,,179,223,98
961,,151,223,126
962,,138,249,113
963,,161,211,128
964,,192,173,135
965,,156,166,178
966,,164,189,147
967,,138,215,147
968,,166,215,119
969,,143,200,157
970,,181,162,157
971,,219,134,147
972,,262,108,130
973,,236,134,130
974,,236,134,130
975,,236,98,166
976,,249,100,151
977,,287,74,139
978,,315,74,111
979,,319,73,108
980,,319,73,108
981,,300,92,108
982,,336,92,72
983,,333,92,75
984,,359,92,49
985,,359,92,49
986,,351,98,51
987,,351,98,51
988,,316,133,51
989,,280,147,73
990,,306,147,47
991,,265,169,66
992,,265,169,66
993,,243,190,67
994,,197,236,67
995,,197,236,67
996,,176,248,76
997,,137,287,76
998,,117,291,92
999,,90,282,128
1000,,116,282,102
1001,,116,241,143
1002,,91,266,143
1003,,122,219,159
1004,,122,173,205
1005,,157,173,170
1006,,170,153,177
1007,,170,114,216
1008,,211,75,214
1009,,190,69,241
1010,,225,81,194
1011,,271,81,148
1012,,261,66,173
1013,,304,66,130
1014,,325,84,91
1015,,337,111,52
1016,,364,88,48
1017,,364,88,48
1018,,364,88,48
1019,,389,67,44
1020,,368,76,56
1021,,347,97,56
1022,,347,87,66
1023,,370,87,43
1024,,370,69,61
1025,,346,66,88
1026,,338,95,67
1027,,314,131,55
1028,,314,131,55
1029,,324,131,45
1030,,324,110,66
1031,,342,89,69
1032,,369,89,42
1033,,338,120,42
1034,,307,151,42
1035,,284,150,66
1036,,251,154,95
1037,,226,164,110
1038,,215,196,89
1039,,181,230,89
1040,,152,259,89
1041,,121,290,89
1042,,145,290,65
1043,,174,259,67
1044,,177,261,62
1045,,136,279,85
1046,,136,246,118
1047,,136,200,164
1048,,117,187,196
1049,,97,173,230
1050,,128,144,228
1051,,144,128,228
1052,,151,144,205
1053,,162,166,172
1054,,182,159,159
1055,,214,118,168
1056,,224,142,134
1057,,253,142,105
1058,,257,150,93
1059,,232,155,113
1060,,192,195,113
1061,,225,180,95
1062,,266,164,70
1063,,231,177,92
1064,,199,183,118
1065,,218,183,99
1066,,201,196,103
1067,,201,196,103
1068,,216,169,115
1069,,211,165,124
1070,,199,159,142
1071,,225,159,116
1072,,199,185,116
1073,,223,150,127
1074,,223,118,159
1075,,232,136,132
1076,,230,126,144
1077,,248,148,104
1078,,248,148,104
1079,,248,127,125
1080,,258,118,124
1081,,267,141,92
1082,,234,148,118
1083,,239,180,81
1084,,200,219,81
1085,,200,201,99
1086,,221,174,105
1087,,255,152,93
1088,,211,196,93
1089,,197,236,67
1090,,197,211,92
1091,,197,188,115
1092,,215,155,130
1093,,242,123,135
1094,,229,119,152
1095,,207,141,152
1096,,179,169,152
1097,,204,169,127
1098,,201,151,148
1099,,207,138,155
1100,,239,138,123
1101,,251,165,84
1102,,251,165,84
1103,,251,165,84
1104,,251,130,119
1105,,295,108,97
1106,,310,105,85
1107,,289,126,85
1108,,256,133,111
1109,,223,139,138
1110,,223,139,138
1111,,222,148,130
1112,,244,148,108
1113,,252,168,80
1114,,219,201,80
1115,,209,237,54
1116,,236,212,52
1117,,236,191,73
1118,,224,197,79
1119,,188,200,112
1120,,188,200,112
1121,,157,195,148
1122,,139,213,148
1123,,138,219,143
1124,,137,208,155
1125,,140,202,158
1126,,142,233,125
1127,,116,259,125
1128,,121,251,128
1129,,121,215,164
1130,,116,240,144
1131,,149,209,142
1132,,155,221,124
1133,,155,195,150
1134,,155,173,172
1135,,165,172,163
1136,,178,164,158
1137,,178,138,184
1138,,209,107,184
1139,,227,107,166
1140,,230,105,165
1141,,225,132,143
1142,,223,134,143
1143,,225,163,112
1144,,221,193,86
1145,,252,164,84
1146,,252,141,107
1147,,248,170,82
1148,,248,170,82
1149,,246,202,52
1150,,246,179,75
1151,,246,152,102
1152,,251,144,105
1153,,241,148,111
1154,,241,118,141
1155,,213,146,141
1156,,183,176,141
1157,,174,179,147
1158,,201,179,120
1159,,208,172,120
1160,,237,172,91
1161,,224,215,61
1162,,169,246,85
1163,,169,213,118
1164,,165,246,89
1165,,125,258,117
1166,,131,254,115
1167,,94,259,147
1168,,94,259,147
1169,,100,252,148
1170,,133,252,115
1171,,133,209,158
1172,,161,154,185
1173,,175,170,155
1174,,207,137,156
1175,,182,122,196
1176,,190,113,197
1177,,170,96,234
1178,,206,103,191
1179,,243,103,154
1180,,222,124,154
1181,,255,124,121
1182,,295,124,81
1183,,321,108,71
1184,,358,108,34
1185,,358,83,59
1186,,376,66,58
1187,,351,71,78
1188,,326,89,85
1189,,297,100,103
1190,,289,103,108
1191,,289,103,108
1192,,285,132,83
1193,,302,132,66
1194,,322,132,46
1195,,329,132,39
1196,,347,132,21
1197,,368,107,25
1198,,332,118,50
1199,,297,124,79
1200,,297,100,103
1201,,273,124,103
1202,,273,95,132
1203,,246,122,132
1204,,271,122,107
1205,,265,153,82
1206,,259,188,53
1207,,283,188,29
1208,,283,152,65
1209,,272,157,71
1210,,239,190,71
1211,,239,166,95
1212,,239,166,95
1213,,209,169,122
1214,,209,169,122
1215,,245,138,117
1216,,238,145,117
1217,,238,145,117
1218,,262,145,93
1219,,227,140,133
1220,,254,107,139
1221,,254,107,139
1222,,285,107,108
1223,,295,102,103
1224,,265,132,103
1225,,224,173,103
1226,,264,131,105
1227,,269,159,72
1228,,269,159,72
1229,,269,124,107
1230,,264,159,77
1231,,264,159,77
1232,,233,190,77
1233,,275,165,60
1234,,236,174,90
1235,,207,162,131
1236,,242,162,96
1237,,211,165,124
1238,,211,165,124
1239,,173,203,124
1240,,180,186,134
1241,,210,186,104
1242,,251,155,94
1243,,211,195,94
1244,,239,156,105
1245,,239,127,134
1246,,239,127,134
1247,,241,129,130
1248,,241,129,130
1249,,240,123,137
1250,,214,131,155
1251,,232,152,116
1252,,232,181,87
1253,,201,172,127
1254,,232,172,96
1255,,232,172,96
1256,,270,172,58
1257,,235,192,73
1258,,235,192,73
1259,,203,192,105
1260,,243,166,91
1261,,243,145,112
1262,,220,139,141
1263,,220,108,172
1264,,253,108,139
1265,,253,108,139
1266,,264,129,107
1267,,290,76,134
1268,,288,99,113
1269,,284,100,116
1270,,315,100,85
1271,,315,100,85
1272,,315,77,108
1273,,297,95,108
1274,,317,128,55
1275,,267,178,55
1276,,251,205,44
1277,,251,205,44
1278,,215,218,67
1279,,201,222,77
1280,,164,259,77
1281,,164,259,77
1282,,122,301,77
1283,,110,316,74
1284,,110,283,107
1285,,133,233,134
1286,,166,185,149
1287,,147,204,149
1288,,122,193,185
1289,,108,170,222
1290,,126,133,241
1291,,159,133,208
1292,,209,91,200
1293,,257,58,185
1294,,247,68,185
1295,,283,68,149
1296,,320,68,112
1297,,336,70,94
1298,,336,45,119
1299,,378,31,91
1300,,411,31,58
1301,,411,31,58
1302,,399,43,58
1303,,382,60,58
1304,,375,76,49
1305,,378,98,24
1306,,392,98,10
1307,,361,108,31
1308,,361,108,31
1309,,361,108,31
1310,,361,108,31
1311,,371,108,21
1312,,337,130,33
1313,,294,156,50
1314,,283,162,55
1315,,248,175,77
1316,,213,210,77
1317,,181,211,108
1318,,181,211,108
1319,,193,211,96
1320,,210,211,79
1321,,203,244,53
1322,,225,210,65
1323,,196,196,108
1324,,227,164,109
1325,,227,129,144
1326,,202,119,179
1327,,183,106,211
1328,,169,120,211
1329,,188,135,177
1330,,219,147,134
1331,,251,114,135
1332,,286,114,100
1333,,321,85,94
1334,,332,106,62
1335,,306,132,62
1336,,306,107,87
1337,,306,88,106
1338,,339,74,87
1339,,317,81,102
1340,,346,69,85
1341,,346,69,85
1342,,346,69,85
1343,,347,93,60
1344,,334,104,62
1345,,348,78,74
1346,,337,104,59
1347,,312,141,47
1348,,265,188,47
1349,,226,205,69
1350,,226,205,69
1351,,210,242,48
1352,,196,282,22
1353,,149,305,46
1354,,113,309,78
1355,,113,309,78
1356,,135,283,82
1357,,135,246,119
1358,,108,226,166
1359,,108,187,205
1360,,132,187,181
1361,,164,150,186
1362,,164,110,226
1363,,190,63,247
1364,,227,27,246
1365,,274,27,199
1366,,313,27,160
1367,,310,30,160
1368,,347,3,150
1369,,387,3,110
1370,,433,4,63
1371,,469,4,27
1372,,469,4,27
1373,,469,4,27
1374,,469,4,27
1375,,496,4,0
1376,,494,6,0
1377,,494,3,3
1378,,493,4,3
1379,,493,4,3
1380,,490,6,4
1381,,486,10,4
1382,,480,16,4
1383,,480,16,4
1384,,483,16,1
1385,,477,22,1
1386,,477,20,3
1387,,472,26,2
1388,,472,25,3
1389,,459,38,3
1390,,459,35,6
1391,,459,31,10
1392,,447,37,16
1393,,449,37,14
1394,,449,37,14
1395,,450,31,19
1396,,450,31,19
1397,,439,39,22
1398,,443,39,18
1399,,449,26,25
1400,,449,26,25
1401,,434,41,25
1402,,422,47,31
1403,,422,47,31
1404,,409,66,25
1405,,409,66,25
1406,,402,86,12
1407,,365,109,26
1408,,365,109,26
1409,,348,138,14
1410,,348,138,14
1411,,301,170,29
1412,,252,201,47
1413,,252,201,47
1414,,218,230,52
1415,,218,230,52
1416,,168,260,72
1417,,121,270,109
1418,,136,270,94
1419,,120,275,105
1420,,93,302,105
1421,,112,255,133
1422,,112,206,182
1423,,132,206,162
1424,,169,158,173
1425,,169,158,173
1426,,173,133,194
1427,,173,86,241
1428,,209,97,194
1429,,258,63,179
1430,,241,53,206
1431,,273,69,158
1432,,260,82,158
1433,,310,82,108
1434,,336,103,61
1435,,336,103,61
1436,,370,78,52
1437,,397,78,25
1438,,397,67,36
1439,,397,67,36
1440,,397,50,53
1441,,397,34,69
1442,,390,28,82
1443,,415,28,57
1444,,398,24,78
1445,,409,24,67
1446,,399,34,67
1447,,403,47,50
1448,,419,47,34
1449,,416,63,21
1450,,416,63,21
1451,,420,80,0
1452,,402,91,7
1453,,402,91,7
1454,,379,97,24
1455,,379,97,24
1456,,379,87,34
1457,,356,97,47
1458,,356,97,47
1459,,330,114,56
1460,,301,143,56
1461,,318,126,56
1462,,287,139,74
1463,,297,139,64
1464,,267,159,74
1465,,234,192,74
1466,,250,192,58
1467,,250,169,81
1468,,267,169,64
1469,,254,167,79
1470,,254,138,108
1471,,244,171,85
1472,,204,180,116
1473,,204,180,116
1474,,200,164,136
1475,,174,157,169
1476,,185,179,136
1477,,188,205,107
1478,,188,205,107
1479,,219,174,107
1480,,195,198,107
1481,,238,165,97
1482,,271,125,104
1483,,271,125,104
1484,,239,130,131
1485,,196,147,157
1486,,227,125,148
1487,,203,123,174
1488,,236,123,141
1489,,276,123,101
1490,,276,99,125
1491,,303,99,98
1492,,329,99,72
1493,,351,99,50
1494,,350,94,56
1495,,350,51,99
1496,,350,51,99
1497,,374,27,99
1498,,374,27,99
1499,,359,42,99
1500,,359,42,99
1501,,391,42,67
1502,,418,58,24
1503,,418,58,24
1504,,418,55,27
1505,,418,55,27
1506,,404,69,27
1507,,370,103,27
1508,,370,103,27
1509,,337,121,42
1510,,302,156,42
1511,,329,156,15
1512,,329,140,31
1513,,329,140,31
1514,,329,116,55
1515,,329,116,55
1516,,344,102,54
1517,,344,68,88
1518,,324,88,88
1519,,312,83,105
1520,,312,48,140
1521,,336,48,116
1522,,315,69,116
1523,,306,92,102
1524,,313,119,68
1525,,277,155,68
1526,,270,195,35
1527,,260,240,0
1528,,211,269,20
1529,,164,288,48
1530,,117,335,48
1531,,117,335,48
1532,,90,341,69
1533,,65,343,92
1534,,65,316,119
1535,,85,280,135
1536,,113,240,147
1537,,113,195,192
1538,,113,146,241
1539,,134,99,267
1540,,145,64,291
1541,,172,64,264
1542,,196,49,255
1543,,236,24,240
1544,,281,24,195
1545,,330,24,146
1546,,368,33,99
1547,,415,33,52
1548,,407,41,52
1549,,434,41,25
1550,,443,45,12
1551,,422,66,12
1552,,422,54,24
1553,,402,74,24
1554,,376,100,24
1555,,376,100,24
1556,,376,91,33
1557,,364,115,21
1558,,364,107,29
1559,,376,107,17
1560,,376,91,33
1561,,376,70,54
1562,,351,95,54
1563,,360,75,65
1564,,339,70,91
1565,,330,87,83
1566,,330,87,83
1567,,320,89,91
1568,,341,89,70
1569,,314,116,70
1570,,334,116,50
1571,,360,116,24
1572,,360,91,49
1573,,360,91,49
1574,,356,98,46
1575,,325,112,63
1576,,325,112,63
1577,,291,120,89
1578,,262,149,89
1579,,287,122,91
1580,,259,150,91
1581,,241,189,70
1582,,258,189,53
1583,,258,189,53
1584,,236,209,55
1585,,202,212,86
1586,,190,251,59
1587,,142,265,93
1588,,110,268,122
1589,,83,295,122
1590,,64,286,150
1591,,92,247,161
1592,,108,262,130
1593,,108,262,130
1594,,122,234,144
1595,,134,217,149
1596,,134,178,188
1597,,135,157,208
1598,,158,141,201
1599,,136,136,228
1600,,118,135,247
1601,,166,135,199
1602,,200,120,180
1603,,239,120,141
1604,,287,100,113
1605,,298,104,98
1606,,297,132,71
1607,,316,105,79
1608,,293,112,95
1609,,286,112,102
1610,,286,94,120
1611,,289,111,100
1612,,279,138,83
1613,,230,187,83
1614,,257,187,56
1615,,273,166,61
1616,,258,175,67
1617,,276,175,49
1618,,232,196,72
1619,,198,208,94
1620,,166,240,94
1621,,131,258,111
1622,,118,265,117
1623,,146,216,138
1624,,146,216,138
1625,,137,248,115
1626,,133,237,130
1627,,133,237,130
1628,,125,218,157
1629,,152,184,164
1630,,201,152,147
1631,,174,144,182
1632,,174,110,216
1633,,193,128,179
1634,,176,145,179
1635,,220,113,167
1636,,254,87,159
1637,,267,106,127
1638,,282,101,117
1639,,292,125,83
1640,,292,125,83
1641,,292,98,110
1642,,324,98,78
1643,,350,80,70
1644,,326,87,87
1645,,323,115,62
1646,,323,115,62
1647,,323,96,81
1648,,329,97,74
1649,,329,73,98
1650,,324,96,80
1651,,312,125,63
1652,,274,163,63
1653,,233,204,63
1654,,252,180,68
1655,,272,152,76
1656,,296,152,52
1657,,296,152,52
1658,,296,131,73
1659,,296,131,73
1660,,264,140,96
1661,,261,138,101
1662,,289,100,111
1663,,289,59,152
1664,,276,72,152
1665,,297,72,131
1666,,297,72,131
1667,,302,90,108
1668,,331,90,79
1669,,369,90,41
1670,,410,58,32
1671,,410,31,59
1672,,410,31,59
1673,,410,31,59
1674,,403,25,72
1675,,395,33,72
1676,,383,45,72
1677,,415,27,58
1678,,442,27,31
1679,,435,34,31
1680,,435,34,31
1681,,448,34,18
1682,,433,49,18
1683,,409,73,18
1684,,427,66,7
1685,,427,58,15
1686,,427,46,27
1687,,427,46,27
1688,,406,67,27
1689,,376,90,34
1690,,376,90,34
1691,,355,118,27
1692,,363,103,34
1693,,336,118,46
1694,,336,118,46
1695,,336,118,46
1696,,307,154,39
1697,,307,154,39
1698,,307,133,60
1699,,283,142,75
1700,,267,182,51
1701,,232,189,79
1702,,198,223,79
1703,,154,228,118
1704,,154,228,118
1705,,175,228,97
1706,,165,232,103
1707,,165,232,103
1708,,193,232,75
1709,,193,193,114
1710,,196,189,115
1711,,196,154,150
1712,,196,120,184
1713,,211,97,192
1714,,198,110,192
1715,,184,124,192
1716,,206,101,193
1717,,246,101,153
1718,,281,101,118
1719,,315,101,84
1720,,333,91,76
1721,,333,91,76
1722,,333,91,76
1723,,373,70,57
1724,,373,57,70
1725,,373,43,84
1726,,373,26,101
1727,,397,38,65
1728,,397,38,65
1729,,397,38,65
1730,,402,28,70
1731,,400,43,57
1732,,414,43,43
1733,,431,43,26
1734,,431,43,26
1735,,431,43,26
1736,,431,43,26
1737,,441,47,12
1738,,441,47,12
1739,,423,65,12
1740,,423,49,28
1741,,423,34,43
1742,,423,34,43
1743,,414,43,43
1744,,409,60,31
1745,,387,82,31
1746,,361,108,31
1747,,377,92,31
1748,,392,92,16
1749,,361,105,34
1750,,333,133,34
1751,,333,133,34
1752,,333,133,34
1753,,295,162,43
1754,,270,186,44
1755,,270,164,66
1756,,246,180,74
1757,,246,180,74
1758,,246,180,74
1759,,214,181,105
1760,,223,153,124
1761,,240,153,107
1762,,262,153,85
1763,,288,115,97
1764,,255,107,138
1765,,255,107,138
1766,,258,93,149
1767,,286,93,121
1768,,286,93,121
1769,,286,61,153
1770,,324,61,115
1771,,365,61,74
1772,,365,61,74
1773,,383,85,32
1774,,383,52,65
1775,,363,72,65
1776,,367,72,61
1777,,341,98,61
1778,,341,98,61
1779,,302,137,61
1780,,302,137,61
1781,,300,172,28
1782,,252,220,28
1783,,280,196,24
1784,,280,196,24
1785,,280,176,44
1786,,239,189,72
1787,,205,197,98
1788,,165,237,98
1789,,137,226,137
1790,,137,250,113
1791,,112,240,148
1792,,98,226,176
1793,,126,226,148
1794,,129,249,122
1795,,129,249,122
1796,,140,236,124
1797,,140,202,158
1798,,175,162,163
1799,,223,134,143
1800,,195,138,167
1801,,195,113,192
1802,,195,79,226
1803,,236,79,185
1804,,256,70,174
1805,,278,88,134
1806,,281,85,134
1807,,305,85,110
1808,,330,85,85
1809,,364,85,51
1810,,329,92,79
1811,,352,92,56
1812,,352,92,56
1813,,349,123,28
1814,,349,109,42
1815,,311,129,60
1816,,311,104,85
1817,,339,104,57
1818,,339,104,57
1819,,304,139,57
1820,,304,104,92
1821,,318,104,78
1822,,336,104,60
1823,,361,73,66
1824,,361,73,66
1825,,361,35,104
1826,,361,35,104
1827,,382,49,69
1828,,382,49,69
1829,,382,14,104
1830,,413,14,73
1831,,408,19,73
1832,,446,19,35
1833,,438,27,35
1834,,426,39,35
1835,,413,52,35
1836,,448,52,0
1837,,429,57,14
1838,,429,57,14
1839,,413,73,14
1840,,382,104,14
1841,,382,99,19
1842,,354,127,19
1843,,354,119,27
1844,,331,144,25
1845,,331,131,38
1846,,331,131,38
1847,,331,112,57
1848,,306,142,52
1849,,271,161,68
1850,,279,130,91
1851,,291,130,79
1852,,304,102,94
1853,,304,102,94
1854,,323,65,112
1855,,323,65,112
1856,,339,65,96
1857,,349,86,65
1858,,330,75,95
1859,,358,40,102
1860,,339,59,102
1861,,358,77,65
1862,,335,100,65
1863,,306,129,65
1864,,306,129,65
1865,,303,162,35
1866,,308,192,0
1867,,308,171,21
1868,,265,195,40
1869,,224,236,40
1870,,224,217,59
1871,,224,199,77
1872,,180,220,100
1873,,142,229,129
1874,,163,229,108
1875,,182,196,122
1876,,182,166,152
1877,,201,166,133
1878,,195,147,158
1879,,198,126,176
1880,,227,126,147
1881,,227,126,147
1882,,233,109,158
1883,,263,71,166
1884,,239,95,166
1885,,282,95,123
1886,,309,109,82
1887,,309,109,82
1888,,309,85,106
1889,,332,86,82
1890,,350,106,44
1891,,313,143,44
1892,,313,116,71
1893,,313,116,71
1894,,280,125,95
1895,,304,125,71
1896,,302,133,65
1897,,270,165,65
1898,,241,194,65
1899,,223,218,59
1900,,183,238,79
1901,,207,201,92
1902,,207,201,92
1903,,221,201,78
1904,,191,198,111
1905,,163,226,111
1906,,184,204,112
1907,,204,172,124
1908,,241,143,116
1909,,241,98,161
1910,,241,58,201
1911,,260,72,168
1912,,242,90,168
1913,,264,90,146
1914,,296,60,144
1915,,325,32,143
1916,,357,45,98
1917,,385,57,58
1918,,385,57,58
1919,,371,71,58
1920,,353,89,58
1921,,359,99,42
1922,,387,81,32
1923,,363,105,32
1924,,319,149,32
1925,,274,194,32
1926,,274,181,45
1927,,274,169,57
1928,,257,200,43
1929,,275,186,39
1930,,275,168,57
1931,,231,188,81
1932,,184,235,81
1933,,154,254,92
1934,,166,210,124
1935,,166,165,169
1936,,158,187,155
1937,,176,187,137
1938,,200,156,144
1939,,200,156,144
1940,,194,186,120
1941,,211,169,120
1942,,256,122,122
1943,,225,110,165
1944,,211,124,165
1945,,223,143,134
1946,,196,148,156
1947,,171,173,156
1948,,215,173,112
1949,,262,173,65
1950,,256,192,52
1951,,256,165,79
1952,,213,208,79
1953,,235,177,88
1954,,235,163,102
1955,,199,180,121
1956,,199,153,148
1957,,229,128,143
1958,,237,147,116
1959,,204,180,116
1960,,235,131,134
1961,,249,131,120
1962,,268,88,144
1963,,279,104,117
1964,,304,104,92
1965,,304,68,128
1966,,280,92,128
1967,,304,117,79
1968,,304,98,98
1969,,329,83,88
1970,,329,83,88
1971,,306,106,88
1972,,342,106,52
1973,,342,90,68
1974,,342,90,68
1975,,361,90,49
1976,,394,66,40
1977,,394,41,65
1978,,378,57,65
1979,,378,39,83
1980,,381,52,67
1981,,381,29,90
1982,,381,29,90
1983,,397,37,66
1984,,404,55,41
1985,,378,81,41
1986,,365,112,23
1987,,365,112,23
1988,,388,96,16
1989,,388,96,16
1990,,388,83,29
1991,,361,110,29
1992,,317,154,29
1993,,271,192,37
1994,,271,174,55
1995,,287,148,65
1996,,249,155,96
1997,,231,186,83
1998,,193,224,83
1999,,155,262,83
2000,,131,294,75
2001,,115,301,84
2002,,117,281,102
2003,,124,259,117
2004,,101,282,117
2005,,101,282,117
2006,,76,269,155
2007,,61,253,186
2008,,75,228,197
2009,,103,206,191
2010,,149,174,177
2011,,149,140,211
2012,,128,137,235
2013,,166,113,221
2014,,197,90,213
2015,,235,90,175
2016,,261,77,162
2017,,293,62,145
2018,,317,59,124
2019,,341,43,116
2020,,354,54,92
2021,,377,54,69
2022,,377,33,90
2023,,402,33,65
2024,,417,33,50
2025,,411,52,37
2026,,398,69,33
2027,,383,84,33
2028,,355,102,43
2029,,376,102,22
2030,,376,91,33
2031,,376,91,33
2032,,345,122,33
2033,,320,159,21
2034,,274,205,21
2035,,242,228,30
2036,,201,240,59
2037,,212,225,63
2038,,177,232,91
2039,,177,232,91
2040,,177,232,91
2041,,144,265,91
2042,,139,258,103
2043,,137,252,111
2044,,125,233,142
2045,,153,191,156
2046,,153,150,197
2047,,132,171,197
2048,,114,154,232
2049,,132,167,201
2050,,151,185,164
2051,,171,178,151
2052,,198,169,133
2053,,239,138,123
2054,,239,111,150
2055,,247,138,115
2056,,247,138,115
2057,,215,149,136
2058,,221,158,121
2059,,220,170,110
2060,,251,152,97
2061,,278,126,96
2062,,278,111,111
2063,,247,142,111
2064,,246,164,90
2065,,264,137,99
2066,,241,173,86
2067,,228,172,100
2068,,218,181,101
2069,,199,190,111
2070,,199,190,111
2071,,171,218,111
2072,,198,218,84
2073,,198,187,115
2074,,202,193,105
2075,,229,193,78
2076,,254,157,89
2077,,254,126,120
2078,,216,128,156
2079,,216,94,190
2080,,234,107,159
2081,,256,79,165
2082,,236,99,165
2083,,258,113,129
2084,,259,115,126
2085,,268,142,90
2086,,302,142,56
2087,,302,142,56
2088,,287,147,66
2089,,287,147,66
2090,,287,134,79
2091,,315,134,51
2092,,315,114,71
2093,,276,139,85
2094,,276,109,115
2095,,287,109,104
2096,,262,134,104
2097,,275,134,91
2098,,241,125,134
2099,,235,151,114
2100,,219,181,100
2101,,213,217,70
2102,,206,251,43
2103,,171,247,82
2104,,127,291,82
2105,,138,296,66
2106,,138,271,91
2107,,101,308,91
2108,,101,274,125
2109,,101,248,151
2110,,119,239,142
2111,,95,227,178
2112,,122,193,185
2113,,125,180,195
2114,,125,136,239
2115,,144,119,237
2116,,157,132,211
2117,,170,112,218
2118,,180,138,182
2119,,214,138,148
2120,,218,148,134
2121,,262,124,114
2122,,294,124,82
2123,,261,135,104
2124,,271,162,67
2125,,271,147,82
2126,,271,134,95
2127,,264,145,91
2128,,288,119,93
2129,,288,119,93
2130,,275,123,102
2131,,275,123,102
2132,,290,123,87
2133,,271,122,107
2134,,255,128,117
2135,,281,128,91
2136,,241,168,91
2137,,244,168,88
2138,,214,198,88
2139,,214,198,88
2140,,247,163,90
2141,,274,163,63
2142,,274,163,63
2143,,274,131,95
2144,,273,127,100
2145,,232,168,100
2146,,195,165,140
2147,,230,137,133
2148,,207,130,163
2149,,177,160,163
2150,,209,160,131
2151,,214,188,98
2152,,184,218,98
2153,,224,218,58
2154,,216,225,59
2155,,246,184,70
2156,,212,181,107
2157,,178,215,107
2158,,178,192,130
2159,,149,191,160
2160,,133,207,160
2161,,162,179,159
2162,,172,180,148
2163,,178,211,111
2164,,141,212,147
2165,,139,237,124
2166,,140,232,128
2167,,140,198,162
2168,,168,198,134
2169,,172,195,133
2170,,172,179,149
2171,,208,179,113
2172,,208,148,144
2173,,213,146,141
2174,,247,109,144
2175,,247,84,169
2176,,254,77,169
2177,,270,77,153
2178,,250,97,153
2179,,281,71,148
2180,,312,71,117
2181,,335,85,80
2182,,331,114,55
2183,,360,85,55
2184,,336,109,55
2185,,336,109,55
2186,,362,87,51
2187,,362,87,51
2188,,362,67,71
2189,,362,67,71
2190,,374,84,42
2191,,374,70,56
2192,,354,61,85
2193,,360,77,63
2194,,340,73,87
2195,,332,101,67
2196,,332,101,67
2197,,332,101,67
2198,,346,101,53
2199,,339,137,24
2200,,289,170,41
2201,,272,211,17
2202,,214,249,37
2203,,165,282,53
2204,,165,262,73
2205,,125,274,101
2206,,125,274,101
2207,,142,274,84
2208,,142,274,84
2209,,162,238,100
2210,,144,222,134
2211,,135,210,155
2212,,146,169,185
2213,,146,120,234
2214,,146,120,234
2215,,146,80,274
2216,,182,80,238
2217,,232,80,188
2218,,273,80,147
2219,,331,80,89
2220,,380,46,74
2221,,359,38,103
2222,,390,30,80
2223,,382,38,80
2224,,365,55,80
2225,,348,72,80
2226,,328,92,80
2227,,362,92,46
2228,,391,92,17
2229,,370,130,0
2230,,334,166,0
2231,,289,190,21
2232,,289,181,30
2233,,289,173,38
2234,,289,156,55
2235,,289,139,72
2236,,289,119,92
2237,,289,119,92
2238,,281,148,71
2239,,258,142,100
2240,,244,128,128
2241,,239,105,156
2242,,256,105,139
2243,,276,105,119
2244,,249,132,119
2245,,217,164,119
2246,,214,205,81
2247,,223,232,45
2248,,221,250,29
2249,,170,269,61
2250,,170,247,83
2251,,170,225,105
2252,,170,225,105
2253,,170,225,105
2254,,170,198,132
2255,,179,186,135
2256,,211,145,144
2257,,208,143,149
2258,,230,96,174
2259,,230,45,225
2260,,219,56,225
2261,,232,70,198
2262,,264,70,166
2263,,305,70,125
2264,,319,83,98
2265,,340,89,71
2266,,391,89,20
2267,,355,100,45
2268,,316,139,45
2269,,281,174,45
2270,,281,163,56
2271,,281,149,70
2272,,301,149,50
2273,,301,149,50
2274,,326,136,38
2275,,326,110,64
2276,,326,110,64
2277,,337,74,89
2278,,330,56,114
2279,,330,21,149
2280,,325,26,149
2281,,329,35,136
2282,,355,35,110
2283,,348,42,110
2284,,368,58,74
2285,,407,58,35
2286,,442,58,0
2287,,442,58,0
2288,,442,37,21
2289,,442,37,21
2290,,428,46,26
2291,,428,37,35
2292,,428,37,35
2293,,428,30,42
2294,,417,25,58
2295,,438,25,37
2296,,438,25,37
2297,,436,32,32
2298,,445,32,23
2299,,435,42,23
2300,,423,47,30
2301,,420,66,14
2302,,420,66,14
2303,,420,66,14
2304,,420,55,25
2305,,420,55,25
2306,,405,70,25
2307,,419,63,18
2308,,419,63,18
2309,,419,53,28
2310,,393,60,47
2311,,404,41,55
2312,,398,47,55
2313,,385,60,55
2314,,392,60,48
2315,,381,71,48
2316,,391,56,53
2317,,392,74,34
2318,,382,103,15
2319,,355,130,15
2320,,326,133,41
2321,,299,160,41
2322,,299,154,47
2323,,276,179,45
2324,,276,179,45
2325,,276,168,56
2326,,233,211,56
2327,,259,193,48
2328,,223,200,77
2329,,229,173,98
2330,,208,178,114
2331,,208,151,141
2332,,219,151,130
2333,,219,113,168
2334,,237,113,150
2335,,239,140,121
2336,,239,124,137
2337,,268,124,108
2338,,259,124,117
2339,,239,144,117
2340,,277,110,113
2341,,277,110,113
2342,,247,140,113
2343,,290,140,70
2344,,250,180,70
2345,,243,196,61
2346,,243,169,88
2347,,277,169,54
2348,,277,133,90
2349,,277,113,110
2350,,277,113,110
2351,,250,140,110
2352,,277,110,113
2353,,304,110,86
2354,,278,96,126
2355,,314,53,133
2356,,334,53,113
2357,,334,53,113
2358,,334,53,113
2359,,364,53,83
2360,,364,53,83
2361,,388,42,70
2362,,418,55,27
2363,,393,80,27
2364,,364,83,53
2365,,364,83,53
2366,,335,112,53
2367,,308,139,53
2368,,299,175,26
2369,,299,175,26
2370,,254,220,26
2371,,240,244,16
2372,,189,282,29
2373,,141,305,54
2374,,117,300,83
2375,,117,300,83
2376,,117,271,112
2377,,117,244,139
2378,,104,237,159
2379,,104,250,146
2380,,110,224,166
2381,,120,203,177
2382,,120,152,228
2383,,149,104,247
2384,,160,96,244
2385,,186,106,208
2386,,170,122,208
2387,,215,122,163
2388,,235,113,152
2389,,264,122,114
2390,,284,131,85
2391,,278,142,80
2392,,241,179,80
2393,,241,179,80
2394,,200,204,96
2395,,195,228,77
2396,,208,212,80
2397,,227,212,61
2398,,212,226,62
2399,,167,249,84
2400,,129,259,112
2401,,145,229,126
2402,,155,192,153
2403,,171,192,137
2404,,147,175,178
2405,,148,160,192
2406,,151,179,170
2407,,179,179,142
2408,,180,174,146
2409,,217,129,154
2410,,217,91,192
2411,,235,114,151
2412,,269,114,117
2413,,244,139,117
2414,,219,140,141
2415,,226,148,126
2416,,243,157,100
2417,,255,183,62
2418,,227,182,91
2419,,227,182,91
2420,,227,182,91
2421,,215,195,90
2422,,234,195,71
2423,,223,200,77
2424,,187,211,102
2425,,192,208,100
2426,,154,218,128
2427,,127,219,154
2428,,150,191,159
2429,,150,191,159
2430,,175,191,134
2431,,200,155,145
2432,,227,155,118
2433,,225,155,120
2434,,251,119,130
2435,,252,122,126
2436,,225,111,164
2437,,225,84,191
2438,,239,106,155
2439,,239,106,155
2440,,246,129,125
2441,,255,156,89
2442,,246,189,65
2443,,241,202,57
2444,,225,245,30
2445,,225,218,57
2446,,181,235,84
2447,,181,235,84
2448,,154,240,106
2449,,127,267,106
2450,,118,283,99
2451,,89,285,126
2452,,116,252,132
2453,,126,226,148
2454,,126,183,191
2455,,122,209,169
2456,,101,186,213
2457,,124,186,190
2458,,151,159,190
2459,,160,156,184
2460,,203,117,180
2461,,246,88,166
2462,,226,108,166
2463,,247,114,139
2464,,229,132,139
2465,,223,139,138
2466,,222,146,132
2467,,261,146,93
2468,,256,180,64
2469,,223,189,88
2470,,240,189,71
2471,,240,189,71
2472,,224,211,65
2473,,245,188,67
2474,,245,170,85
2475,,214,168,118
2476,,238,140,122
2477,,238,140,122
2478,,209,135,156
2479,,229,102,169
2480,,229,125,146
2481,,247,125,128
2482,,244,119,137
2483,,272,119,109
2484,,272,119,109
2485,,283,111,106
2486,,316,111,73
2487,,316,111,73
2488,,316,82,102
2489,,341,99,60
2490,,313,104,83
2491,,275,142,83
2492,,279,133,88
2493,,245,167,88
2494,,245,167,88
2495,,239,179,82
2496,,239,179,82
2497,,262,179,59
2498,,262,179,59
2499,,257,203,40
2500,,257,175,68
2501,,257,137,106
2502,,280,110,110
2503,,280,76,144
2504,,260,96,144
2505,,238,83,179
2506,,231,107,162
2507,,235,131,134
2508,,247,157,96
2509,,274,116,110
2510,,284,140,76
2511,,284,140,76
2512,,283,176,41
2513,,239,220,41
2514,,239,200,61
2515,,197,220,83
2516,,201,233,66
2517,,170,240,90
2518,,146,238,116
2519,,146,238,116
2520,,146,214,140
2521,,166,214,120
2522,,153,213,134
2523,,159,187,154
2524,,155,215,130
2525,,181,173,146
2526,,153,164,183
2527,,157,153,190
2528,,135,151,214
2529,,171,151,178
2530,,215,151,134
2531,,215,151,134
2532,,224,149,127
2533,,261,131,108
2534,,292,103,105
2535,,316,103,81
2536,,283,108,109
2537,,260,111,129
2538,,260,89,151
2539,,282,102,116
2540,,300,102,98
2541,,328,102,70
2542,,296,101,103
2543,,303,122,75
2544,,298,147,55
2545,,320,147,33
2546,,286,148,66
2547,,249,162,89
2548,,220,191,89
2549,,253,178,69
2550,,218,213,69
2551,,180,251,69
2552,,180,219,101
2553,,183,228,89
2554,,170,239,91
2555,,170,239,91
2556,,153,235,112
2557,,134,217,149
2558,,104,218,178
2559,,136,218,146
2560,,135,205,160
2561,,160,167,173
2562,,139,188,173
2563,,152,179,169
2564,,167,165,168
2565,,179,182,139
2566,,148,183,169
2567,,183,164,153
2568,,221,134,145
2569,,221,134,145
2570,,251,112,137
2571,,287,112,101
2572,,287,91,122
2573,,317,70,113
2574,,336,48,116
2575,,366,31,103
2576,,359,7,134
2577,,381,7,112
2578,,381,7,112
2579,,402,7,91
2580,,421,9,70
2581,,442,10,48
2582,,459,10,31
2583,,486,14,0
2584,,486,14,0
2585,,479,21,0
2586,,479,14,7
2587,,479,14,7
2588,,475,18,7
2589,,469,24,7
2590,,463,28,9
2591,,463,27,10
2592,,450,40,10
2593,,448,45,7
2594,,448,45,7
2595,,425,61,14
2596,,407,79,14
2597,,373,115,12
2598,,374,111,15
2599,,342,137,21
2600,,346,131,23
2601,,346,131,23
2602,,313,158,29
2603,,272,190,38
2604,,272,190,38
2605,,276,167,57
2606,,241,190,69
2607,,247,154,99
2608,,208,193,99
2609,,221,161,118
2610,,200,191,109
2611,,200,191,109
2612,,223,151,126
2613,,241,110,149
2614,,250,137,113
2615,,250,137,113
2616,,282,96,122
2617,,253,125,122
2618,,223,116,161
2619,,233,146,121
2620,,274,116,110
2621,,241,149,110
2622,,241,149,110
2623,,251,180,69
2624,,217,187,96
2625,,223,220,57
2626,,193,250,57
2627,,223,221,56
2628,,223,191,86
2629,,189,195,116
2630,,189,195,116
2631,,216,162,122
2632,,216,162,122
2633,,216,131,153
2634,,214,128,158
2635,,224,115,161
2636,,254,85,161
2637,,233,106,161
2638,,266,106,128
2639,,266,72,162
2640,,281,88,131
2641,,315,88,97
2642,,348,88,64
2643,,378,88,34
2644,,378,57,65
2645,,358,57,85
2646,,376,73,51
2647,,376,52,72
2648,,354,74,72
2649,,331,97,72
2650,,331,81,88
2651,,344,99,57
2652,,338,125,37
2653,,338,125,37
2654,,359,125,16
2655,,319,145,36
2656,,319,129,52
2657,,335,129,36
2658,,335,107,58
2659,,296,123,81
2660,,259,160,81
2661,,223,178,99
2662,,243,152,105
2663,,233,178,89
2664,,233,178,89
2665,,255,138,107
2666,,278,138,84
2667,,248,168,84
2668,,266,168,66
2669,,248,173,79
2670,,213,171,116
2671,,179,169,152
2672,,195,193,112
2673,,167,195,138
2674,,143,219,138
2675,,117,245,138
2676,,156,245,99
2677,,193,215,92
2678,,196,248,56
2679,,196,204,100
2680,,191,200,109
2681,,191,166,143
2682,,191,142,167
2683,,172,133,195
2684,,185,126,189
2685,,160,125,215
2686,,185,144,171
2687,,220,144,136
2688,,254,111,135
2689,,278,111,111
2690,,283,103,114
2691,,281,129,90
2692,,276,160,64
2693,,276,141,83
2694,,236,164,100
2695,,269,139,92
2696,,269,120,111
2697,,300,120,80
2698,,300,120,80
2699,,300,120,80
2700,,283,133,84
2701,,268,139,93
2702,,260,141,99
2703,,235,185,80
2704,,235,145,120
2705,,235,145,120
2706,,235,145,120
2707,,223,180,97
2708,,249,180,71
2709,,280,180,40
2710,,280,144,76
2711,,283,149,68
2712,,283,116,101
2713,,283,72,145
2714,,262,93,145
2715,,241,114,145
2716,,215,140,145
2717,,224,132,144
2718,,256,132,112
2719,,272,149,79
2720,,316,149,35
2721,,281,147,72
2722,,281,147,72
2723,,238,190,72
2724,,273,169,58
2725,,273,148,79
2726,,238,157,105
2727,,207,161,132
2728,,244,161,95
2729,,213,175,112
2730,,185,203,112
2731,,176,198,126
2732,,197,198,105
2733,,185,193,122
2734,,212,193,95
2735,,212,193,95
2736,,196,191,113
2737,,159,197,144
2738,,194,197,109
2739,,160,200,140
2740,,171,204,125
2741,,171,174,155
2742,,152,193,155
2743,,168,174,158
2744,,174,199,127
2745,,151,222,127
2746,,152,219,129
2747,,180,182,138
2748,,210,182,108
2749,,210,148,142
2750,,215,149,136
2751,,215,149,136
2752,,215,130,155
2753,,221,138,141
2754,,258,113,129
2755,,230,118,152
2756,,238,114,148
2757,,270,114,116
2758,,270,114,116
2759,,289,114,97
2760,,273,116,111
2761,,298,116,86
2762,,321,116,63
2763,,351,89,60
2764,,351,89,60
2765,,351,61,88
2766,,332,54,114
2767,,365,54,81
2768,,365,54,81
2769,,347,72,81
2770,,374,37,89
2771,,374,37,89
2772,,402,37,61
2773,,420,45,35
2774,,420,45,35
2775,,420,45,35
2776,,420,26,54
2777,,447,34,19
2778,,447,34,19
2779,,431,32,37
2780,,415,48,37
2781,,415,48,37
2782,,415,48,37
2783,,434,40,26
2784,,424,50,26
2785,,424,50,26
2786,,442,50,8
2787,,442,42,16
2788,,442,42,16
2789,,442,26,32
2790,,439,21,40
2791,,428,32,40
2792,,428,32,40
2793,,416,44,40
2794,,424,34,42
2795,,418,40,42
2796,,416,58,26
2797,,407,83,10
2798,,407,83,10
2799,,378,112,10
2800,,343,136,21
2801,,315,163,22
2802,,276,202,22
2803,,276,190,34
2804,,276,190,34
2805,,276,184,40
2806,,276,166,58
2807,,287,141,72
2808,,266,173,61
2809,,266,144,90
2810,,236,151,113
2811,,236,113,151
2812,,242,74,184
2813,,245,89,166
2814,,254,105,141
2815,,254,105,141
2816,,283,105,112
2817,,295,128,77
2818,,333,96,71
2819,,372,96,32
2820,,343,83,74
2821,,314,112,74
2822,,314,112,74
2823,,314,97,89
2824,,314,81,105
2825,,346,81,73
2826,,346,81,73
2827,,356,90,54
2828,,327,119,54
2829,,327,119,54
2830,,301,131,68
2831,,289,130,81
2832,,289,130,81
2833,,289,130,81
2834,,273,169,58
2835,,273,169,58
2836,,273,169,58
2837,,302,137,61
2838,,331,108,61
2839,,295,144,61
2840,,260,138,102
2841,,232,138,130
2842,,232,138,130
2843,,211,159,130
2844,,243,120,137
2845,,272,120,108
2846,,272,120,108
2847,,313,120,67
2848,,341,120,39
2849,,309,116,75
2850,,309,81,110
2851,,348,53,99
2852,,334,67,99
2853,,304,76,120
2854,,285,95,120
2855,,285,95,120
2856,,300,116,84
2857,,314,137,49
2858,,342,137,21
2859,,342,105,53
2860,,363,105,32
2861,,363,105,32
2862,,363,91,46
2863,,363,61,76
2864,,363,42,95
2865,,348,57,95
2866,,361,55,84
2867,,343,52,105
2868,,330,65,105
2869,,328,81,91
2870,,358,81,61
2871,,357,101,42
2872,,319,139,42
2873,,340,139,21
2874,,361,139,0
2875,,361,124,15
2876,,361,105,34
2877,,361,87,52
2878,,333,102,65
2879,,333,86,81
2880,,309,110,81
2881,,309,90,101
2882,,324,52,124
2883,,343,52,105
2884,,361,52,87
2885,,374,52,74
2886,,375,67,58
2887,,375,67,58
2888,,395,39,66
2889,,433,39,28
2890,,417,31,52
2891,,417,31,52
2892,,406,42,52
2893,,387,61,52
2894,,387,61,52
2895,,415,61,24
2896,,384,77,39
2897,,408,77,15
2898,,383,102,15
2899,,383,102,15
2900,,383,86,31
2901,,383,86,31
2902,,355,103,42
2903,,342,112,46
2904,,342,112,46
2905,,306,148,46
2906,,270,153,77
2907,,255,184,61
2908,,255,159,86
2909,,266,159,75
2910,,285,159,56
2911,,252,192,56
2912,,252,164,84
2913,,235,184,81
2914,,235,184,81
2915,,260,148,92
2916,,225,147,128
2917,,225,116,159
2918,,225,116,159
2919,,253,116,131
2920,,281,116,103
2921,,253,111,136
2922,,266,134,100
2923,,268,120,112
2924,,299,120,81
2925,,264,155,81
2926,,264,120,116
2927,,236,148,116
2928,,269,148,83
2929,,269,148,83
2930,,285,180,35
2931,,285,152,63
2932,,285,129,86
2933,,295,120,85
2934,,295,120,85
2935,,295,85,120
2936,,275,105,120
2937,,249,103,148
2938,,277,103,120
2939,,273,130,97
2940,,307,98,95
2941,,307,98,95
2942,,308,132,60
2943,,308,107,85
2944,,336,107,57
2945,,315,128,57
2946,,315,108,77
2947,,347,82,71
2948,,320,109,71
2949,,299,103,98
2950,,295,132,73
2951,,263,164,73
2952,,263,130,107
2953,,249,164,87
2954,,236,203,61
2955,,236,182,82
2956,,223,222,55
2957,,187,258,55
2958,,187,231,82
2959,,221,210,69
2960,,178,224,98
2961,,143,227,130
2962,,164,227,109
2963,,129,228,143
2964,,129,189,182
2965,,156,189,155
2966,,155,171,174
2967,,184,135,181
2968,,191,160,149
2969,,191,160,149
2970,,225,117,158
2971,,248,98,154
2972,,225,121,154
2973,,238,113,149
2974,,251,136,113
2975,,251,136,113
2976,,251,114,135
2977,,262,146,92
2978,,273,145,82
2979,,229,189,82
2980,,264,189,47
2981,,264,173,63
2982,,264,150,86
2983,,286,123,91
2984,,263,123,114
2985,,288,123,89
2986,,261,150,89
2987,,261,118,121
2988,,244,127,129
2989,,267,83,150
2990,,294,83,123
2991,,317,83,100
2992,,317,83,100
2993,,293,107,100
2994,,293,116,91
2995,,317,116,67
2996,,329,121,50
2997,,291,159,50
2998,,239,178,83
2999,,239,178,83
3000,,239,178,83
3001,,226,214,60
3002,,226,214,60
3003,,253,190,57
3004,,253,158,89
3005,,286,158,56
3006,,245,167,88
3007,,245,129,126
3008,,212,110,178
3009,,198,124,178
3010,,197,149,154
3011,,203,139,158
3012,,203,139,158
3013,,213,161,126
3014,,251,161,88
3015,,303,161,36
3016,,303,120,77
3017,,303,120,77
3018,,298,128,74
3019,,298,114,88
3020,,259,128,113
3021,,225,136,139
3022,,225,136,139
3023,,238,142,120
3024,,204,176,120
3025,,195,218,87
3026,,169,258,73
3027,,194,258,48
3028,,220,217,63
3029,,183,254,63
3030,,177,243,80
3031,,177,209,114
3032,,177,209,114
3033,,140,218,142
3034,,140,184,176
3035,,181,142,177
3036,,181,102,217
3037,,203,119,178
3038,,237,119,144
3039,,215,104,181
3040,,243,76,181
3041,,258,95,147
3042,,300,95,105
3043,,316,82,102
3044,,316,82,102
3045,,299,99,102
3046,,314,121,65
3047,,310,136,54
3048,,281,165,54
3049,,281,143,76
3050,,318,143,39
3051,,287,155,58
3052,,245,197,58
3053,,206,212,82
3054,,182,253,65
3055,,148,270,82
3056,,141,277,82
3057,,141,245,114
3058,,160,216,124
3059,,160,216,124
3060,,184,216,100
3061,,184,185,131
3062,,165,179,156
3063,,187,140,173
3064,,219,99,182
3065,,248,65,187
3066,,233,51,216
3067,,220,64,216
3068,,240,75,185
3069,,282,75,143
3070,,307,89,104
3071,,323,114,63
3072,,357,78,65
3073,,366,98,36
3074,,336,128,36
3075,,304,160,36
3076,,262,187,51
3077,,218,218,64
3078,,218,207,75
3079,,254,207,39
3080,,204,243,53
3081,,204,218,78
3082,,204,218,78
3083,,189,228,83
3084,,164,236,100
3085,,175,204,121
3086,,140,197,163
3087,,136,171,193
3088,,135,197,168
3089,,119,213,168
3090,,139,163,198
3091,,169,163,168
3092,,201,163,136
3093,,219,157,124
3094,,223,159,118
3095,,223,159,118
3096,,223,124,153
3097,,257,122,121
3098,,230,123,147
3099,,208,129,163
3100,,216,151,133
3101,,254,151,95
3102,,216,189,95
3103,,213,203,84
3104,,188,206,106
3105,,214,206,80
3106,,230,206,64
3107,,189,231,80
3108,,153,240,107
3109,,132,239,129
3110,,156,217,127
3111,,196,217,87
3112,,196,179,125
3113,,155,182,163
3114,,144,166,190
3115,,171,166,163
3116,,193,166,141
3117,,191,149,160
3118,,166,138,196
3119,,183,138,179
3120,,221,138,141
3121,,264,138,98
3122,,264,138,98
3123,,228,133,139
3124,,243,132,125
3125,,279,132,89
3126,,300,132,68
3127,,270,138,92
3128,,270,113,117
3129,,270,92,138
3130,,311,92,97
3131,,314,116,70
3132,,314,116,70
3133,,274,120,106
3134,,263,129,108
3135,,288,129,83
3136,,309,129,62
3137,,309,99,92
3138,,309,99,92
3139,,309,99,92
3140,,313,131,56
3141,,339,107,54
3142,,339,107,54
3143,,339,67,94
3144,,369,32,99
3145,,360,41,99
3146,,345,56,99
3147,,345,56,99
3148,,349,76,75
3149,,323,102,75
3150,,332,101,67
3151,,335,133,32
3152,,335,133,32
3153,,302,166,32
3154,,252,216,32
3155,,204,255,41
3156,,204,240,56
3157,,204,272,24
3158,,204,252,44
3159,,164,266,70
3160,,164,235,101
3161,,125,242,133
3162,,108,268,124
3163,,123,235,142
3164,,123,185,192
3165,,123,157,220
3166,,136,170,194
3167,,155,150,195
3168,,169,168,163
3169,,169,128,203
3170,,179,151,170
3171,,229,112,159
3172,,261,102,137
3173,,238,125,137
3174,,270,125,105
3175,,270,105,125
3176,,310,92,98
3177,,310,80,110
3178,,349,62,89
3179,,375,62,63
3180,,357,57,86
3181,,339,75,86
3182,,331,87,82
3183,,327,81,92
3184,,319,101,80
3185,,337,101,62
3186,,337,101,62
3187,,330,131,39
3188,,330,131,39
3189,,315,162,23
3190,,305,177,18
3191,,255,209,36
3192,,210,226,64
3193,,210,209,81
3194,,159,240,101
3195,,159,240,101
3196,,124,275,101
3197,,142,245,113
3198,,160,245,95
3199,,157,245,98
3200,,139,247,114
3201,,159,197,144
3202,,134,177,189
3203,,134,177,189
3204,,139,151,210
3205,,139,151,210
3206,,170,116,214
3207,,188,131,181
3208,,213,156,131
3209,,258,125,117
3210,,227,121,152
3211,,278,121,101
3212,,247,127,126
3213,,282,127,91
3214,,243,141,116
3215,,221,163,116
3216,,210,205,85
3217,,245,190,65
3218,,210,200,90
3219,,196,239,65
3220,,196,208,96
3221,,192,237,71
3222,,192,206,102
3223,,192,206,102
3224,,178,196,126
3225,,203,174,123
3226,,169,166,165
3227,,200,166,134
3228,,165,166,169
3229,,196,127,177
3230,,182,141,177
3231,,195,138,167
3232,,198,157,145
3233,,240,157,103
3234,,240,128,132
3235,,254,149,97
3236,,268,140,92
3237,,268,140,92
3238,,297,105,98
3239,,297,105,98
3240,,297,91,112
3241,,326,65,109
3242,,326,46,128
3243,,360,46,94
3244,,350,56,94
3245,,368,52,80
3246,,368,27,105
3247,,374,35,91
3248,,400,35,65
3249,,409,45,46
3250,,409,45,46
3251,,409,45,46
3252,,430,45,25
3253,,455,45,0
3254,,432,58,10
3255,,432,41,27
3256,,415,58,27
3257,,399,66,35
3258,,399,66,35
3259,,399,56,45
3260,,385,70,45
3261,,378,87,35
3262,,374,108,18
3263,,340,142,18
3264,,312,155,33
3265,,271,196,33
3266,,242,218,40
3267,,242,202,56
3268,,200,244,56
3269,,164,280,56
3270,,164,266,70
3271,,187,249,64
3272,,187,228,85
3273,,172,226,102
3274,,157,221,122
3275,,132,205,163
3276,,132,166,202
3277,,146,166,188
3278,,138,149,213
3279,,143,129,228
3280,,161,145,194
3281,,174,168,158
3282,,215,168,117
3283,,254,136,110
3284,,254,105,141
3285,,296,80,124
3286,,332,80,88
3287,,332,80,88
3288,,306,81,113
3289,,283,88,129
3290,,294,93,113
3291,,325,70,105
3292,,350,70,80
3293,,333,87,80
3294,,309,111,80
3295,,334,111,55
3296,,304,157,39
3297,,320,157,23
3298,,309,165,26
3299,,309,142,49
3300,,309,121,70
3301,,309,121,70
3302,,274,156,70
3303,,274,139,87
3304,,274,115,111
3305,,281,134,85
3306,,261,131,108
3307,,250,163,87
3308,,221,158,121
3309,,221,158,121
3310,,238,158,104
3311,,235,185,80
3312,,235,150,115
3313,,281,150,69
3314,,246,185,69
3315,,245,201,54
3316,,245,158,97
3317,,245,126,129
3318,,245,97,158
3319,,280,97,123
3320,,280,97,123
3321,,259,91,150
3322,,263,106,131
3323,,306,106,88
3324,,338,71,91
3325,,350,53,97
3326,,350,53,97
3327,,331,72,97
3328,,336,94,70
3329,,336,94,70
3330,,303,127,70
3331,,295,149,56
3332,,290,174,36
3333,,257,207,36
3334,,208,256,36
3335,,178,269,53
3336,,137,310,53
3337,,137,291,72
3338,,158,269,73
3339,,173,269,58
3340,,173,236,91
3341,,144,222,134
3342,,137,206,157
3343,,137,173,190
3344,,137,143,220
3345,,159,113,228
3346,,140,91,269
3347,,161,103,236
3348,,192,115,193
3349,,209,138,153
3350,,211,169,120
3351,,260,140,100
3352,,290,116,94
3353,,297,150,53
3354,,263,165,72
3355,,263,165,72
3356,,227,182,91
3357,,227,170,103
3358,,256,158,86
3359,,250,165,85
3360,,250,134,116
3361,,239,164,97
3362,,239,164,97
3363,,258,130,112
3364,,242,124,134
3365,,254,124,122
3366,,246,119,135
3367,,257,139,104
3368,,257,139,104
3369,,257,109,134
3370,,265,135,100
3371,,267,137,96
3372,,267,137,96
3373,,303,137,60
3374,,265,147,88
3375,,265,147,88
3376,,295,116,89
3377,,295,96,109
3378,,294,127,79
3379,,259,162,79
3380,,212,183,105
3381,,206,185,109
3382,,206,185,109
3383,,200,222,78
3384,,220,184,96
3385,,220,184,96
3386,,192,212,96
3387,,218,212,70
3388,,212,219,69
3389,,175,221,104
3390,,139,210,151
3391,,177,176,147
3392,,153,200,147
3393,,153,163,184
3394,,153,163,184
3395,,184,163,153
3396,,219,135,146
3397,,266,135,99
3398,,269,128,103
3399,,269,91,140
3400,,306,55,139
3401,,296,65,139
3402,,296,41,163
3403,,324,41,135
3404,,316,49,135
3405,,340,63,97
3406,,359,81,60
3407,,395,81,24
3408,,363,82,55
3409,,387,82,31
3410,,387,82,31
3411,,387,72,41
3412,,387,72,41
3413,,387,72,41
3414,,387,64,49
3415,,418,50,32
3416,,403,47,50
3417,,384,66,50
3418,,380,48,72
3419,,380,48,72
3420,,380,48,72
3421,,374,62,64
3422,,388,62,50
3423,,386,82,32
3424,,386,82,32
3425,,418,82,0
3426,,418,67,15
3427,,391,75,34
3428,,391,61,48
3429,,391,61,48
3430,,377,75,48
3431,,346,92,62
3432,,346,92,62
3433,,341,92,67
3434,,335,117,48
3435,,349,117,34
3436,,349,117,34
3437,,349,90,61
3438,,338,115,47
3439,,338,115,47
3440,,326,133,41
3441,,326,102,72
3442,,294,134,72
3443,,294,114,92
3444,,321,89,90
3445,,292,118,90
3446,,259,151,90
3447,,232,192,76
3448,,263,167,70
3449,,263,167,70
3450,,253,165,82
3451,,247,196,57
3452,,247,164,89
3453,,215,196,89
3454,,215,196,89
3455,,198,209,93
3456,,181,193,126
3457,,175,190,135
3458,,156,209,135
3459,,157,240,103
3460,,157,210,133
3461,,157,179,164
3462,,157,208,135
3463,,190,176,134
3464,,209,198,93
3465,,209,156,135
3466,,187,161,152
3467,,217,123,160
3468,,248,104,148
3469,,224,97,179
3470,,256,97,147
3471,,228,125,147
3472,,247,119,134
3473,,264,119,117
3474,,270,129,101
3475,,261,157,82
3476,,257,170,73
3477,,225,202,73
3478,,225,202,73
3479,,217,215,68
3480,,188,244,68
3481,,210,216,74
3482,,210,193,97
3483,,195,230,75
3484,,195,198,107
3485,,195,170,135
3486,,219,135,146
3487,,219,103,178
3488,,247,103,150
3489,,270,66,164
3490,,270,37,193
3491,,289,50,161
3492,,301,66,133
3493,,336,29,135
3494,,368,29,103
3495,,362,35,103
3496,,390,44,66
3497,,404,59,37
3498,,383,80,37
3499,,383,80,37
3500,,389,111,0
3501,,349,138,13
3502,,304,167,29
3503,,304,167,29
3504,,304,167,29
3505,,304,161,35
3506,,304,152,44
3507,,304,137,59
3508,,285,148,67
3509,,301,148,51
3510,,301,117,82
3511,,301,77,122
3512,,307,32,161
3513,,316,32,152
3514,,322,41,137
3515,,330,54,116
3516,,317,67,116
3517,,335,80,85
3518,,355,68,77
3519,,376,92,32
3520,,351,117,32
3521,,351,117,32
3522,,319,149,32
3523,,319,149,32
3524,,319,140,41
3525,,351,127,22
3526,,316,149,35
3527,,278,174,48
3528,,278,154,68
3529,,278,130,92
3530,,251,132,117
3531,,230,162,108
3532,,243,130,127
3533,,241,145,114
3534,,232,167,101
3535,,252,167,81
3536,,276,132,92
3537,,271,124,105
3538,,242,153,105
3539,,274,153,73
3540,,274,126,100
3541,,244,126,130
3542,,244,126,130
3543,,258,132,110
3544,,296,110,94
3545,,274,132,94
3546,,246,160,94
3547,,273,130,97
3548,,303,101,96
3549,,271,133,96
3550,,239,180,81
3551,,229,182,89
3552,,229,182,89
3553,,229,161,110
3554,,259,161,80
3555,,254,173,73
3556,,254,145,101
3557,,217,182,101
3558,,217,212,71
3559,,174,223,103
3560,,195,176,129
3561,,168,171,161
3562,,164,197,139
3563,,192,197,111
3564,,192,197,111
3565,,174,181,145
3566,,174,213,113
3567,,221,176,103
3568,,213,186,101
3569,,213,143,144
3570,,213,143,144
3571,,180,149,171
3572,,195,142,163
3573,,161,176,163
3574,,198,176,126
3575,,228,158,114
3576,,246,151,103
3577,,220,177,103
3578,,247,137,116
3579,,245,165,90
3580,,245,165,90
3581,,196,181,123
3582,,214,162,124
3583,,213,161,126
3584,,213,161,126
3585,,253,161,86
3586,,217,172,111
3587,,217,146,137
3588,,250,146,104
3589,,233,154,113
3590,,267,154,79
3591,,233,139,128
3592,,233,139,128
3593,,258,106,136
3594,,284,106,110
3595,,284,106,110
3596,,288,94,118
3597,,259,123,118
3598,,308,123,69
3599,,273,122,105
3600,,276,152,72
3601,,244,150,106
3602,,214,180,106
3603,,215,215,70
3604,,181,249,70
3605,,142,288,70
3606,,144,298,58
3607,,108,305,87
3608,,142,305,53
3609,,106,306,88
3610,,88,294,118
3611,,88,262,150
3612,,68,252,180
3613,,92,217,191
3614,,100,204,196
3615,,85,180,235
3616,,120,146,234
3617,,150,110,240
3618,,182,110,208
3619,,212,74,214
3620,,235,68,197
3621,,269,68,163
3622,,308,48,144
3623,,342,48,110
3624,,378,27,95
3625,,372,18,110
3626,,408,18,74
3627,,426,18,56
3628,,426,18,56
3629,,435,29,36
3630,,435,17,48
3631,,446,27,27
3632,,461,27,12
3633,,461,27,12
3634,,461,27,12
3635,,461,21,18
3636,,461,21,18
3637,,473,21,6
3638,,473,21,6
3639,,473,10,17
3640,,466,17,17
3641,,466,7,27
3642,,472,7,21
3643,,472,7,21
3644,,472,7,21
3645,,469,10,21
3646,,480,10,10
3647,,480,10,10
3648,,490,10,0
3649,,490,10,0
3650,,480,13,7
3651,,475,18,7
3652,,475,18,7
3653,,475,18,7
3654,,475,18,7
3655,,470,20,10
3656,,470,20,10
3657,,477,20,3
3658,,467,30,3
3659,,467,30,3
3660,,459,28,13
3661,,459,23,18
3662,,462,23,15
3663,,462,23,15
3664,,454,31,15
3665,,454,26,20
3666,,439,41,20
3667,,449,41,10
3668,,454,31,15
3669,,442,43,15
3670,,442,35,23
3671,,432,45,23
3672,,428,54,18
3673,,410,72,18
3674,,410,64,26
3675,,388,96,16
3676,,388,81,31
3677,,396,81,23
3678,,363,114,23
3679,,363,102,35
3680,,363,102,35
3681,,371,92,37
3682,,371,83,46
3683,,353,98,49
3684,,316,135,49
3685,,316,103,81
3686,,328,103,69
3687,,328,103,69
3688,,308,100,92
3689,,317,100,83
3690,,298,137,65
3691,,298,137,65
3692,,294,173,33
3693,,294,140,66
3694,,261,136,103
3695,,276,154,70
3696,,276,154,70
3697,,237,193,70
3698,,209,191,100
3699,,209,191,100
3700,,207,189,104
3701,,218,215,67
3702,,182,215,103
3703,,141,256,103
3704,,141,223,136
3705,,149,227,124
3706,,121,255,124
3707,,158,216,126
3708,,131,215,154
3709,,167,215,118
3710,,140,207,153
3711,,145,209,146
3712,,163,173,164
3713,,132,163,205
3714,,171,163,166
3715,,174,166,160
3716,,174,138,188
3717,,188,159,153
3718,,214,132,154
3719,,226,156,118
3720,,267,129,104
3721,,234,134,132
3722,,256,134,110
3723,,284,103,113
3724,,284,103,113
3725,,291,98,111
3726,,258,131,111
3727,,285,110,105
3728,,288,135,77
3729,,257,142,101
3730,,288,142,70
3731,,288,109,103
3732,,287,135,78
3733,,249,173,78
3734,,248,195,57
3735,,248,175,77
3736,,272,142,86
3737,,272,142,86
3738,,305,117,78
3739,,278,113,109
3740,,278,113,109
3741,,278,113,109
3742,,298,87,115
3743,,331,49,120
3744,,318,40,142
3745,,343,40,117
3746,,362,52,86
3747,,362,52,86
3748,,362,52,86
3749,,388,25,87
3750,,421,30,49
3751,,443,30,27
3752,,443,30,27
3753,,443,30,27
3754,,429,31,40
3755,,423,37,40
3756,,434,41,25
3757,,434,41,25
3758,,434,41,25
3759,,425,50,25
3760,,425,45,30
3761,,425,58,17
3762,,425,58,17
3763,,437,58,5
3764,,413,68,19
3765,,395,80,25
3766,,370,89,41
3767,,375,89,36
3768,,375,89,36
3769,,375,80,45
3770,,375,80,45
3771,,358,98,44
3772,,331,131,38
3773,,347,131,22
3774,,347,107,46
3775,,310,126,64
3776,,319,101,80
3777,,319,101,80
3778,,305,128,67
3779,,277,156,67
3780,,277,156,67
3781,,267,159,74
3782,,285,126,89
3783,,310,126,64
3784,,289,147,64
3785,,258,141,101
3786,,226,173,101
3787,,226,173,101
3788,,228,175,97
3789,,261,147,92
3790,,261,147,92
3791,,261,113,126
3792,,298,113,89
3793,,298,113,89
3794,,268,122,110
3795,,267,119,114
3796,,295,87,118
3797,,273,109,118
3798,,307,80,113
3799,,307,80,113
3800,,307,80,113
3801,,310,98,92
3802,,315,124,61
3803,,311,160,29
3804,,311,130,59
3805,,340,102,58
3806,,307,135,58
3807,,307,113,80
3808,,281,139,80
3809,,281,139,80
3810,,249,171,80
3811,,279,153,68
3812,,307,127,66
3813,,276,122,102
3814,,298,122,80
3815,,269,151,80
3816,,269,118,113
3817,,243,144,113
3818,,261,118,121
3819,,287,118,95
3820,,288,121,91
3821,,255,154,91
3822,,255,154,91
3823,,250,161,89
3824,,250,161,89
3825,,237,171,92
3826,,209,199,92
3827,,220,194,86
3828,,179,235,86
3829,,143,271,86
3830,,135,275,90
3831,,102,275,123
3832,,113,293,94
3833,,113,255,132
3834,,139,255,106
3835,,139,216,145
3836,,115,212,173
3837,,132,209,159
3838,,137,196,167
3839,,137,160,203
3840,,175,121,204
3841,,162,101,237
3842,,201,83,216
3843,,229,83,188
3844,,250,83,167
3845,,291,83,126
3846,,327,59,114
3847,,366,41,93
3848,,399,13,88
3849,,417,13,70
3850,,413,17,70
3851,,413,4,83
3852,,413,4,83
3853,,437,4,59
3854,,455,4,41
3855,,483,4,13
3856,,483,4,13
3857,,483,4,13
3858,,494,6,0
3859,,491,9,0
3860,,489,7,4
3861,,485,11,4
3862,,485,11,4
3863,,485,11,4
3864,,480,16,4
3865,,480,16,4
3866,,480,16,4
3867,,479,21,0
3868,,479,19,2
3869,,479,16,5
3870,,479,14,7
3871,,471,18,11
3872,,465,24,11
3873,,465,24,11
3874,,465,19,16
3875,,454,32,14
3876,,457,32,11
3877,,459,27,14
3878,,453,37,10
3879,,453,37,10
3880,,430,60,10
3881,,409,78,13
3882,,409,72,19
3883,,409,72,19
3884,,395,91,14
3885,,353,120,27
3886,,353,120,27
3887,,353,120,27
3888,,324,147,29
3889,,295,182,23
3890,,295,159,46
3891,,295,133,72
3892,,308,133,59
3893,,308,133,59
3894,,268,154,78
3895,,245,145,110
3896,,245,145,110
3897,,247,166,87
3898,,273,129,98
3899,,245,122,133
3900,,245,122,133
3901,,245,141,114
3902,,287,141,72
3903,,287,141,72
3904,,287,101,112
3905,,303,89,108
3906,,317,110,73
3907,,317,89,94
3908,,293,113,94
3909,,258,120,122
3910,,226,152,122
3911,,266,133,101
3912,,269,163,68
3913,,231,201,68
3914,,252,201,47
3915,,252,180,68
3916,,235,204,61
3917,,235,204,61
3918,,213,221,66
3919,,180,219,101
3920,,148,219,133
3921,,116,251,133
3922,,137,221,142
3923,,158,183,159
3924,,139,202,159
3925,,131,234,135
3926,,141,214,145
3927,,173,214,113
3928,,173,173,154
3929,,203,140,157
3930,,212,137,151
3931,,212,105,183
3932,,186,131,183
3933,,231,131,138
3934,,217,126,157
3935,,229,123,148
3936,,262,98,140
3937,,294,98,108
3938,,305,119,76
3939,,272,152,76
3940,,272,123,105
3941,,291,123,86
3942,,287,133,80
3943,,277,168,55
3944,,234,197,69
3945,,234,168,98
3946,,200,202,98
3947,,229,202,69
3948,,229,181,90
3949,,255,148,97
3950,,255,148,97
3951,,269,148,83
3952,,265,145,90
3953,,226,149,125
3954,,201,131,168
3955,,222,131,147
3956,,222,130,148
3957,,204,148,148
3958,,204,148,148
3959,,240,148,112
3960,,275,148,77
3961,,286,180,34
3962,,286,147,67
3963,,279,149,72
3964,,279,124,97
3965,,245,158,97
3966,,245,125,130
3967,,224,128,148
3968,,224,128,148
3969,,257,128,115
3970,,296,128,76
3971,,321,96,83
3972,,288,129,83
3973,,287,122,91
3974,,281,146,73
3975,,281,112,107
3976,,255,138,107
3977,,223,149,128
3978,,255,149,96
3979,,255,149,96
3980,,253,192,55
3981,,253,192,55
3982,,241,205,54
3983,,194,218,88
3984,,215,194,91
3985,,179,230,91
3986,,179,204,117
3987,,144,207,149
3988,,144,207,149
3989,,177,207,116
3990,,211,164,125
3991,,208,191,101
3992,,177,176,147
3993,,203,129,168
3994,,235,129,136
3995,,202,126,172
3996,,189,139,172
3997,,213,123,164
3998,,189,147,164
3999,,235,147,118
4000,,282,147,71
4001,,282,120,98
4002,,297,110,93
4003,,269,138,93
4004,,304,138,58
4005,,268,141,91
4006,,231,165,104
4007,,231,146,123
4008,,258,122,120
4009,,264,147,89
4010,,231,180,89
4011,,203,208,89
4012,,195,228,77
4013,,208,200,92
4014,,227,200,73
4015,,215,200,85
4016,,184,194,122
4017,,184,194,122
4018,,159,219,122
4019,,154,220,126
4020,,165,204,131
4021,,138,203,159
4022,,154,182,164
4023,,191,182,127
4024,,167,206,127
4025,,137,200,163
4026,,162,169,169
4027,,195,169,136
4028,,223,144,133
4029,,264,118,118
4030,,235,130,135
4031,,210,128,162
4032,,246,108,146
4033,,253,132,115
4034,,253,108,139
4035,,278,78,144
4036,,304,78,118
4037,,293,106,101
4038,,320,106,74
4039,,340,106,54
4040,,340,77,83
4041,,364,52,84
4042,,377,69,54
4043,,363,59,78
4044,,349,73,78
4045,,328,94,78
4046,,301,121,78
4047,,330,93,77
4048,,355,93,52
4049,,324,124,52
4050,,313,159,28
4051,,272,200,28
4052,,272,183,45
4053,,272,169,59
4054,,300,155,45
4055,,257,177,66
4056,,216,191,93
4057,,177,230,93
4058,,150,257,93
4059,,134,259,107
4060,,148,224,128
4061,,162,183,155
4062,,183,183,134
4063,,193,200,107
4064,,193,200,107
4065,,163,187,150
4066,,194,146,160
4067,,201,135,164
4068,,242,108,150
4069,,242,75,183
4070,,223,94,183
4071,,203,114,183
4072,,246,114,140
4073,,287,97,116
4074,,297,126,77
4075,,297,123,80
4076,,330,123,47
4077,,287,138,75
4078,,287,138,75
4079,,287,138,75
4080,,280,143,77
4081,,280,123,97
4082,,310,123,67
4083,,280,153,67
4084,,308,124,68
4085,,281,124,95
4086,,281,124,95
4087,,270,111,119
4088,,266,135,99
4089,,266,135,99
4090,,266,111,123
4091,,263,143,94
4092,,261,172,67
4093,,261,142,97
4094,,304,142,54
4095,,270,149,81
4096,,236,183,81
4097,,217,196,87
4098,,188,201,111
4099,,188,201,111
4100,,190,229,81
4101,,152,235,113
4102,,152,233,115
4103,,121,264,115
4104,,151,264,85
4105,,139,266,95
4106,,139,232,129
4107,,113,215,172
4108,,145,186,169
4109,,174,186,140
4110,,139,193,168
4111,,139,155,206
4112,,153,148,199
4113,,169,135,196
4114,,212,135,153
4115,,222,118,160
4116,,199,141,160
4117,,201,141,158
4118,,239,141,120
4119,,266,141,93
4120,,263,140,97
4121,,263,140,97
4122,,299,120,81
4123,,299,102,99
4124,,300,127,73
4125,,267,141,92
4126,,231,154,115
4127,,266,128,106
4128,,238,156,106
4129,,227,187,86
4130,,210,188,102
4131,,210,188,102
4132,,197,220,83
4133,,183,257,60
4134,,209,232,59
4135,,209,199,92
4136,,179,193,128
4137,,213,193,94
4138,,177,201,122
4139,,142,205,153
4140,,119,193,188
4141,,125,212,163
4142,,134,204,162
4143,,137,200,163
4144,,119,218,163
4145,,147,218,135
4146,,158,208,134
4147,,193,208,99
4148,,161,204,135
4149,,193,169,138
4150,,200,176,124
4151,,171,186,143
4152,,148,185,167
4153,,178,152,170
4154,,156,156,188
4155,,170,178,152
4156,,205,158,137
4157,,228,158,114
4158,,213,160,127
4159,,237,160,103
4160,,270,130,100
4161,,288,101,111
4162,,260,106,134
4163,,280,106,114
4164,,280,84,136
4165,,312,62,126
4166,,312,62,126
4167,,342,62,96
4168,,371,28,101
4169,,384,38,78
4170,,372,50,78
4171,,381,63,56
4172,,394,44,62
4173,,394,44,62
4174,,394,44,62
4175,,413,59,28
4176,,413,59,28
4177,,393,79,28
4178,,393,79,28
4179,,421,69,10
4180,,421,57,22
4181,,421,44,35
4182,,406,50,44
4183,,406,50,44
4184,,406,50,44
4185,,406,35,59
4186,,416,35,49
4187,,417,26,57
4188,,423,33,44
4189,,432,33,35
4190,,432,33,35
4191,,432,33,35
4192,,437,28,35
4193,,437,28,35
4194,,457,28,15
4195,,457,28,15
4196,,450,35,15
4197,,429,45,26
4198,,429,38,33
4199,,428,54,18
4200,,407,75,18
4201,,378,104,18
4202,,378,94,28
4203,,378,94,28
4204,,356,127,17
4205,,320,170,10
4206,,269,214,17
4207,,232,230,38
4208,,232,230,38
4209,,242,214,44
4210,,211,224,65
4211,,211,195,94
4212,,211,195,94
4213,,172,241,87
4214,,193,208,99
4215,,193,165,142
4216,,164,159,177
4217,,185,122,193
4218,,214,122,164
4219,,188,148,164
4220,,165,140,195
4221,,198,140,162
4222,,241,140,119
4223,,292,94,114
4224,,329,94,77
4225,,304,119,77
4226,,275,103,122
4227,,306,103,91
4228,,271,138,91
4229,,271,112,117
4230,,317,89,94
4231,,289,117,94
4232,,264,142,94
4233,,309,142,49
4234,,309,142,49
4235,,309,117,74
4236,,335,88,77
4237,,336,110,54
4238,,336,75,89
4239,,317,94,89
4240,,294,117,89
4241,,294,89,117
4242,,319,64,117
4243,,348,64,88
4244,,348,64,88
4245,,371,76,53
4246,,371,76,53
4247,,371,54,75
4248,,380,73,47
4249,,405,54,41
4250,,387,49,64
4251,,368,68,64
4252,,368,68,64
4253,,344,92,64
4254,,366,92,42
4255,,338,108,54
4256,,357,108,35
4257,,340,148,12
4258,,304,165,31
4259,,304,165,31
4260,,259,192,49
4261,,213,219,68
4262,,182,262,56
4263,,182,238,80
4264,,182,238,80
4265,,201,210,89
4266,,160,251,89
4267,,153,236,111
4268,,172,200,128
4269,,149,223,128
4270,,148,203,149
4271,,148,157,195
4272,,161,129,210
4273,,161,129,210
4274,,176,154,170
4275,,182,184,134
4276,,156,169,175
4277,,201,144,155
4278,,247,144,109
4279,,259,152,89
4280,,259,127,114
4281,,235,151,114
4282,,204,167,129
4283,,245,167,88
4284,,270,142,88
4285,,241,141,118
4286,,232,147,121
4287,,257,147,96
4288,,257,147,96
4289,,239,149,112
4290,,239,149,112
4291,,264,125,111
4292,,294,94,112
4293,,320,94,86
4294,,299,115,86
4295,,274,111,115
4296,,281,103,116
4297,,254,130,116
4298,,250,158,92
4299,,245,161,94
4300,,220,186,94
4301,,182,224,94
4302,,185,250,65
4303,,178,289,33
4304,,178,268,54
4305,,139,282,79
4306,,132,298,70
4307,,132,271,97
4308,,100,275,125
4309,,73,266,161
4310,,73,241,186
4311,,78,219,203
4312,,103,193,204
4313,,127,154,219
4314,,133,175,192
4315,,161,136,203
4316,,178,115,207
4317,,203,115,182
4318,,241,83,176
4319,,267,56,177
4320,,306,56,138
4321,,286,60,154
4322,,308,77,115
4323,,348,77,75
4324,,329,75,96
4325,,361,75,64
4326,,362,82,56
4327,,362,82,56
4328,,378,82,40
4329,,378,82,40
4330,,378,82,40
4331,,399,62,39
4332,,399,45,56
4333,,418,45,37
4334,,400,44,56
4335,,400,44,56
4336,,400,18,82
4337,,400,18,82
4338,,420,18,62
4339,,429,26,45
4340,,421,34,45
4341,,440,34,26
4342,,431,43,26
4343,,457,43,0
4344,,457,25,18
4345,,447,35,18
4346,,447,35,18
4347,,432,50,18
4348,,404,78,18
4349,,386,88,26
4350,,365,101,34
4351,,348,136,16
4352,,348,127,25
4353,,348,127,25
4354,,318,157,25
4355,,318,147,35
4356,,297,176,27
4357,,305,161,34
4358,,262,176,62
4359,,271,158,71
4360,,240,168,92
4361,,200,173,127
4362,,173,210,117
4363,,142,241,117
4364,,157,211,132
4365,,185,211,104
4366,,162,223,115
4367,,156,250,94
4368,,166,232,102
4369,,131,267,102
4370,,103,264,133
4371,,109,248,143
4372,,109,211,180
4373,,138,180,182
4374,,138,180,182
4375,,161,200,139
4376,,161,159,180
4377,,192,132,176
4378,,209,130,161
4379,,246,95,159
4380,,262,82,156
4381,,262,58,180
4382,,262,58,180
4383,,290,71,139
4384,,300,88,112
4385,,295,98,107
4386,,330,98,72
4387,,334,122,44
4388,,324,133,43
4389,,324,133,43
4390,,324,118,58
4391,,324,118,58
4392,,344,118,38
4393,,344,105,51
4394,,309,123,68
4395,,332,93,75
4396,,332,93,75
4397,,347,69,84
4398,,331,51,118
4399,,319,63,118
4400,,320,75,105
4401,,316,96,88
4402,,317,125,58
4403,,282,160,58
4404,,306,125,69
4405,,340,125,35
4406,,340,125,35
4407,,340,125,35
4408,,310,139,51
4409,,279,158,63
4410,,243,182,75
4411,,278,161,61
4412,,236,174,90
4413,,203,172,125
4414,,166,209,125
4415,,182,209,109
4416,,170,233,97
4417,,155,260,85
4418,,141,265,94
4419,,170,234,96
4420,,179,224,97
4421,,179,224,97
4422,,144,217,139
4423,,144,184,172
4424,,126,165,209
4425,,156,165,179
4426,,162,166,172
4427,,198,139,163
4428,,175,127,198
4429,,199,145,156
4430,,232,119,149
4431,,269,119,112
4432,,242,111,147
4433,,239,138,123
4434,,248,138,114
4435,,257,164,79
4436,,257,139,104
4437,,249,173,78
4438,,207,192,101
4439,,216,200,84
4440,,173,243,84
4441,,191,243,66
4442,,191,216,93
4443,,178,227,95
4444,,178,209,113
4445,,201,183,116
4446,,219,183,98
4447,,219,149,132
4448,,219,107,174
4449,,246,81,173
4450,,257,54,189
4451,,262,67,171
4452,,288,67,145
4453,,274,43,183
4454,,293,58,149
4455,,335,58,107
4456,,361,58,81
4457,,384,78,38
4458,,384,78,38
4459,,384,78,38
4460,,422,62,16
4461,,398,73,29
4462,,398,73,29
4463,,380,77,43
4464,,347,95,58
4465,,347,95,58
4466,,347,95,58
4467,,338,100,62
4468,,351,100,49
4469,,351,100,49
4470,,365,100,35
4471,,347,109,44
4472,,347,109,44
4473,,324,114,62
4474,,344,81,75
4475,,344,81,75
4476,,344,81,75
4477,,324,76,100
4478,,317,107,76
4479,,317,107,76
4480,,335,107,58
4481,,336,106,58
4482,,302,140,58
4483,,265,154,81
4484,,259,185,56
4485,,259,185,56
4486,,259,185,56
4487,,229,195,76
4488,,262,164,74
4489,,229,197,74
4490,,252,197,51
4491,,204,213,83
4492,,204,179,117
4493,,204,142,154
4494,,224,111,165
4495,,255,111,134
4496,,224,142,134
4497,,197,139,164
4498,,229,139,132
4499,,231,138,131
4500,,268,138,94
4501,,273,116,111
4502,,240,149,111
4503,,240,149,111
4504,,243,176,81
4505,,205,214,81
4506,,238,183,79
4507,,209,185,106
4508,,235,207,58
4509,,235,175,90
4510,,235,175,90
4511,,210,174,116
4512,,193,158,149
4513,,224,158,118
4514,,251,131,118
4515,,251,93,156
4516,,283,93,124
4517,,283,64,153
4518,,309,42,149
4519,,332,52,116
4520,,332,52,116
4521,,340,46,114
4522,,356,51,93
4523,,356,51,93
4524,,385,51,64
4525,,385,73,42
4526,,385,73,42
4527,,357,101,42
4528,,382,101,17
4529,,370,120,10
4530,,341,149,10
4531,,301,170,29
4532,,266,183,51
4533,,266,183,51
4534,,220,229,51
4535,,220,207,73
4536,,186,251,63
4537,,156,253,91
4538,,175,253,72
4539,,167,254,79
4540,,167,225,108
4541,,131,221,148
4542,,153,186,161
4543,,124,215,161
4544,,137,184,179
4545,,137,184,179
4546,,146,160,194
4547,,150,155,195
4548,,169,176,155
4549,,176,174,150
4550,,176,174,150
4551,,191,169,140
4552,,175,185,140
4553,,219,156,125
4554,,218,172,110
4555,,218,172,110
4556,,248,152,100
4557,,248,127,125
4558,,284,106,110
4559,,284,78,138
4560,,313,78,109
4561,,303,72,125
4562,,286,73,141
4563,,306,73,121
4564,,331,42,127
4565,,352,42,106
4566,,380,42,78
4567,,380,42,78
4568,,402,51,47
4569,,418,51,31
4570,,418,51,31
4571,,449,26,25
4572,,449,9,42
4573,,449,9,42
4574,,449,9,42
4575,,447,11,42
4576,,447,11,42
4577,,447,11,42
4578,,472,2,26
4579,,489,2,9
4580,,489,2,9
4581,,487,4,9
4582,,487,4,9
4583,,483,8,9
4584,,479,12,9
4585,,488,10,2
4586,,488,10,2
4587,,488,10,2
4588,,488,10,2
4589,,485,13,2
4590,,485,13,2
4591,,485,11,4
4592,,481,17,2
4593,,467,27,6
4594,,467,23,10
4595,,452,38,10
4596,,433,57,10
4597,,404,86,10
4598,,406,86,8
4599,,381,108,11
4600,,349,144,7
4601,,353,144,3
4602,,308,183,9
4603,,262,215,23
4604,,262,215,23
4605,,262,200,38
4606,,265,181,54
4607,,227,190,83
4608,,227,190,83
4609,,191,207,102
4610,,167,209,124
4611,,167,209,124
4612,,153,193,154
4613,,172,147,181
4614,,201,147,152
4615,,201,147,152
4616,,226,147,127
4617,,262,109,129
4618,,237,134,129
4619,,249,125,126
4620,,295,87,118
4621,,295,87,118
4622,,295,58,147
4623,,281,72,147
4624,,319,72,109
4625,,319,72,109
4626,,361,72,67
4627,,372,99,29
4628,,346,100,54
4629,,375,67,58
4630,,375,67,58
4631,,353,89,58
4632,,353,89,58
4633,,326,102,72
4634,,326,102,72
4635,,321,132,47
4636,,325,161,14
4637,,281,178,41
4638,,243,190,67
4639,,207,226,67
4640,,191,256,53
4641,,149,276,75
4642,,149,276,75
4643,,123,275,102
4644,,150,275,75
4645,,139,282,79
4646,,108,284,108
4647,,80,268,152
4648,,102,230,168
4649,,102,194,204
4650,,110,183,207
4651,,84,167,249
4652,,105,176,219
4653,,134,150,216
4654,,163,165,172
4655,,178,151,171
4656,,214,120,166
4657,,223,113,164
4658,,265,113,122
4659,,236,142,122
4660,,230,155,115
4661,,230,129,141
4662,,267,120,113
4663,,278,140,82
4664,,306,125,69
4665,,271,137,92
4666,,271,137,92
4667,,290,116,94
4668,,316,116,68
4669,,291,121,88
4670,,291,89,120
4671,,284,111,105
4672,,278,140,82
4673,,243,155,102
4674,,228,191,81
4675,,192,192,116
4676,,221,192,87
4677,,253,192,55
4678,,205,240,55
4679,,205,206,89
4680,,184,247,69
4681,,140,269,91
4682,,137,278,85
4683,,103,277,120
4684,,80,264,156
4685,,65,243,192
4686,,99,243,158
4687,,71,271,158
4688,,78,238,184
4689,,107,238,155
4690,,123,216,161
4691,,159,172,169
4692,,195,134,171
4693,,170,125,205
4694,,152,120,228
4695,,177,128,195
4696,,158,147,195
4697,,175,143,182
4698,,219,128,153
4699,,243,142,115
4700,,277,123,100
4701,,265,158,77
4702,,244,194,62
4703,,203,210,87
4704,,195,228,77
4705,,168,247,85
4706,,168,228,104
4707,,187,204,109
4708,,187,204,109
4709,,187,190,123
4710,,183,219,98
4711,,201,184,115
4712,,177,195,128
4713,,175,175,150
4714,,199,139,162
4715,,174,122,204
4716,,173,137,190
4717,,173,137,190
4718,,208,137,155
4719,,211,170,119
4720,,219,174,107
4721,,255,174,71
4722,,263,161,76
4723,,263,140,97
4724,,234,169,97
4725,,234,144,122
4726,,234,129,137
4727,,263,129,108
4728,,263,129,108
4729,,286,120,94
4730,,307,87,106
4731,,285,109,106
4732,,277,108,115
4733,,292,108,100
4734,,292,79,129
4735,,266,105,129
4736,,299,105,96
4737,,332,105,63
4738,,332,105,63
4739,,340,107,53
4740,,340,107,53
4741,,369,85,46
4742,,369,52,79
4743,,345,76,79
4744,,345,76,79
4745,,321,74,105
4746,,326,93,81
4747,,326,93,81
4748,,322,119,59
4749,,355,93,52
4750,,355,93,52
4751,,355,93,52
4752,,361,113,26
4753,,361,89,50
4754,,326,124,50
4755,,326,100,74
4756,,352,81,67
4757,,333,100,67
4758,,333,74,93
4759,,314,93,93
4760,,338,93,69
4761,,311,120,69
4762,,335,100,65
4763,,354,100,46
4764,,354,65,81
4765,,357,88,55
4766,,333,112,55
4767,,296,130,74
4768,,243,183,74
4769,,263,164,73
4770,,233,194,73
4771,,227,208,65
4772,,194,241,65
4773,,194,241,65
4774,,174,280,46
4775,,140,291,69
4776,,159,267,74
4777,,159,230,111
4778,,157,206,137
4779,,157,206,137
4780,,157,176,167
4781,,157,135,208
4782,,180,102,218
4783,,204,102,194
4784,,218,86,196
4785,,260,63,177
4786,,260,63,177
4787,,287,66,147
4788,,328,37,135
4789,,361,37,102
4790,,354,44,102
4791,,376,61,63
4792,,410,61,29
4793,,396,75,29
4794,,361,87,52
4795,,390,76,34
4796,,373,93,34
4797,,373,90,37
4798,,344,119,37
4799,,311,152,37
4800,,311,145,44
4801,,301,161,38
4802,,312,161,27
4803,,273,186,41
4804,,276,151,73
4805,,276,151,73
4806,,276,134,90
4807,,283,134,83
4808,,300,105,95
4809,,259,113,128
4810,,248,138,114
4811,,246,142,112
4812,,246,142,112
4813,,263,103,134
4814,,240,126,134
4815,,243,152,105
4816,,276,152,72
4817,,244,184,72
4818,,238,223,39
4819,,238,182,80
4820,,246,188,66
4821,,246,151,103
4822,,213,184,103
4823,,186,211,103
4824,,186,188,126
4825,,186,162,152
4826,,227,162,111
4827,,252,130,118
4828,,289,91,120
4829,,289,91,120
4830,,289,60,151
4831,,303,69,128
4832,,311,54,135
4833,,297,41,162
4834,,321,49,130
4835,,360,49,91
4836,,360,49,91
4837,,391,49,60
4838,,371,69,60
4839,,404,69,27
4840,,410,90,0
4841,,410,81,9
4842,,366,107,27
4843,,366,93,41
4844,,366,85,49
4845,,327,124,49
4846,,294,157,49
4847,,294,157,49
4848,,262,178,60
4849,,246,212,42
4850,,260,191,49
4851,,268,191,41
4852,,230,185,85
4853,,181,234,85
4854,,161,254,85
4855,,150,246,104
4856,,120,243,137
4857,,121,263,116
4858,,99,244,157
4859,,117,236,147
4860,,117,236,147
4861,,94,259,147
4862,,133,221,146
4863,,166,172,162
4864,,137,181,182
4865,,178,150,172
4866,,212,120,168
4867,,193,119,188
4868,,193,97,210
4869,,231,71,198
4870,,280,71,149
4871,,300,48,152
4872,,331,48,121
4873,,361,48,91
4874,,381,19,100
4875,,395,27,78
4876,,405,43,52
4877,,391,38,71
4878,,402,50,48
4879,,402,50,48
4880,,402,50,48
4881,,413,68,19
4882,,396,85,19
4883,,396,85,19
4884,,415,85,0
4885,,395,97,8
4886,,370,106,24
4887,,332,130,38
4888,,291,159,50
4889,,255,195,50
4890,,255,195,50
4891,,213,219,68
4892,,221,202,77
4893,,209,230,61
4894,,179,274,47
4895,,191,254,55
4896,,147,273,80
4897,,147,235,118
4898,,140,219,141
4899,,128,212,160
4900,,128,212,160
4901,,105,193,202
4902,,125,193,182
4903,,150,165,185
4904,,166,143,191
4905,,185,165,150
4906,,221,121,158
4907,,221,121,158
4908,,263,96,141
4909,,263,67,170
4910,,291,67,142
4911,,324,55,121
4912,,324,55,121
4913,,349,74,77
4914,,349,52,99
4915,,374,30,96
4916,,396,37,67
4917,,384,49,67
4918,,390,66,44
4919,,390,66,44
4920,,375,81,44
4921,,378,89,33
4922,,367,122,11
4923,,326,144,30
4924,,326,144,30
4925,,326,144,30
4926,,326,137,37
4927,,295,156,49
4928,,267,178,55
4929,,224,221,55
4930,,208,241,51
4931,,208,222,70
4932,,167,230,103
4933,,139,224,137
4934,,125,250,125
4935,,142,250,108
4936,,142,250,108
4937,,157,219,124
4938,,176,180,144
4939,,209,137,154
4940,,250,102,148
4941,,250,102,148
4942,,250,61,189
4943,,250,26,224
4944,,281,0,219
4945,,320,0,180
4946,,363,0,137
4947,,398,0,102
4948,,398,0,102
4949,,439,0,61
4950,,474,0,26
4951,,500,0,0